From	To	Group	ratioScore
A2M	LRP1	g1	0
A2M	LRP1	g2	2
AANAT	MTNR1A	g1	0
AANAT	MTNR1A	g2	0
AANAT	MTNR1B	g1	0
AANAT	MTNR1B	g2	0
ABCA1	Eosinophils	g1	0
ABCA1	Eosinophils	g2	0
ABCA1	Macrophage	g1	0
ABCA1	Macrophage	g2	0
ABCA1	Mast_cells	g1	0
ABCA1	Mast_cells	g2	0.5
ABCA1	NK_cells	g1	1
ABCA1	NK_cells	g2	1
ACE	AGTR2	g1	0
ACE	AGTR2	g2	0
ACE	BDKRB2	g1	0
ACE	BDKRB2	g2	0.5
ACVR1	Macrophage	g1	0
ACVR1	Macrophage	g2	0
ACVR1	Mast_cells	g1	0
ACVR1	Mast_cells	g2	2
ACVR1B	Macrophage	g1	0
ACVR1B	Macrophage	g2	0
ACVR1B	Mast_cells	g1	0
ACVR1B	Mast_cells	g2	0.5
ACVR2A	Macrophage	g1	1
ACVR2A	Macrophage	g2	1
ACVR2A	NK_cells	g1	0
ACVR2A	NK_cells	g2	0
ADAM10	AXL	g1	1
ADAM10	AXL	g2	1
ADAM10	EPHA3	g1	0
ADAM10	EPHA3	g2	0
ADAM12	ITGA9	g1	1
ADAM12	ITGA9	g2	2
ADAM12	ITGB1	g1	0
ADAM12	ITGB1	g2	0
ADAM12	SDC4	g1	0
ADAM12	SDC4	g2	1
ADAM15	ITGA5	g1	0
ADAM15	ITGA5	g2	0.5
ADAM15	ITGA9	g1	1
ADAM15	ITGA9	g2	1
ADAM15	ITGAV	g1	0
ADAM15	ITGAV	g2	2
ADAM15	ITGB1	g1	0
ADAM15	ITGB1	g2	0
ADAM15	ITGB3	g1	1
ADAM15	ITGB3	g2	1
ADAM17	ERBB4	g1	0
ADAM17	ERBB4	g2	0.5
ADAM17	ITGA5	g1	0
ADAM17	ITGA5	g2	1
ADAM17	ITGB1	g1	0
ADAM17	ITGB1	g2	0
ADAM17	NOTCH1	g1	1
ADAM17	NOTCH1	g2	2
ADAM2	CD9	g1	0
ADAM2	CD9	g2	2
ADAM2	ITGA6	g1	1
ADAM2	ITGA6	g2	1
ADAM2	ITGA9	g1	0
ADAM2	ITGA9	g2	1
ADAM2	ITGB1	g1	1
ADAM2	ITGB1	g2	0
ADAM2	ITGB7	g1	1
ADAM2	ITGB7	g2	0
ADAM23	ITGA5	g1	0
ADAM23	ITGA5	g2	0
ADAM23	ITGB3	g1	0
ADAM23	ITGB3	g2	0.5
ADAM28	ITGA4	g1	1
ADAM28	ITGA4	g2	0
ADAM9	ITGA3	g1	0
ADAM9	ITGA3	g2	2
ADAM9	ITGA6	g1	0
ADAM9	ITGA6	g2	0
ADAM9	ITGAV	g1	1
ADAM9	ITGAV	g2	2
ADAM9	ITGB1	g1	0
ADAM9	ITGB1	g2	0
ADAM9	ITGB5	g1	1
ADAM9	ITGB5	g2	2
ADCYAP1	ADCYAP1R1	g1	0
ADCYAP1	ADCYAP1R1	g2	0
ADCYAP1	SCTR	g1	0
ADCYAP1	SCTR	g2	0.5
ADCYAP1	VIPR1	g1	0
ADCYAP1	VIPR1	g2	0
ADCYAP1	VIPR2	g1	0
ADCYAP1	VIPR2	g2	0.5
ADIPOQ	ADIPOR1	g1	0
ADIPOQ	ADIPOR1	g2	0.5
ADIPOQ	ADIPOR2	g1	0
ADIPOQ	ADIPOR2	g2	0.5
ADIPOR1	Eosinophils	g1	0
ADIPOR1	Eosinophils	g2	0
ADIPOR1	Macrophage	g1	0
ADIPOR1	Macrophage	g2	0
ADIPOR1	Mast_cells	g1	0
ADIPOR1	Mast_cells	g2	0.5
ADIPOR1	NK_cells	g1	0
ADIPOR1	NK_cells	g2	0.5
ADIPOR2	Eosinophils	g1	0
ADIPOR2	Eosinophils	g2	0
ADIPOR2	Macrophage	g1	0
ADIPOR2	Macrophage	g2	0
ADIPOR2	Mast_cells	g1	0
ADIPOR2	Mast_cells	g2	0.5
ADIPOR2	NK_cells	g1	1
ADIPOR2	NK_cells	g2	1
ADM	CALCR	g1	0
ADM	CALCR	g2	0
ADM	CALCRL	g1	0
ADM	CALCRL	g2	2
ADM	GPR182	g1	0
ADM	GPR182	g2	0.5
ADM	RAMP2	g1	0
ADM	RAMP2	g2	0.5
ADM2	CALCR	g1	0
ADM2	CALCR	g2	0
ADM2	CALCRL	g1	0
ADM2	CALCRL	g2	2
ADM2	RAMP1	g1	0
ADM2	RAMP1	g2	2
ADORA2B	Mast_cells	g1	0
ADORA2B	Mast_cells	g2	0.5
ADRA2B	Macrophage	g1	1
ADRA2B	Macrophage	g2	0
ADRB2	Eosinophils	g1	0
ADRB2	Eosinophils	g2	1
ADRB2	Macrophage	g1	0
ADRB2	Macrophage	g2	0.5
ADRB2	Mast_cells	g1	0
ADRB2	Mast_cells	g2	1
ADRB2	NK_cells	g1	1
ADRB2	NK_cells	g2	2
AGRN	ATP1A3	g1	0
AGRN	ATP1A3	g2	1
AGRN	LRP4	g1	0
AGRN	LRP4	g2	0
AGRN	MUSK	g1	0
AGRN	MUSK	g2	0
AGRP	MC3R	g1	2
AGRP	MC3R	g2	1
AGRP	MC4R	g1	1
AGRP	MC4R	g2	1
AGRP	MC5R	g1	2
AGRP	MC5R	g2	0
AGT	AGTR1	g1	1
AGT	AGTR1	g2	2
AGT	AGTR2	g1	0
AGT	AGTR2	g2	2
AGT	LRP2	g1	1
AGT	LRP2	g2	2
AGT	MAS1	g1	1
AGT	MAS1	g2	2
AHSG	INSR	g1	2
AHSG	INSR	g2	0
ALB	LRP2	g1	1
ALB	LRP2	g2	2
ALK	Macrophage	g1	0
ALK	Macrophage	g2	0
AMELX	LAMP1	g1	1
AMELX	LAMP1	g2	1
AMELY	LAMP1	g1	0
AMELY	LAMP1	g2	0
AMFR	Eosinophils	g1	0
AMFR	Eosinophils	g2	0
AMFR	Macrophage	g1	1
AMFR	Macrophage	g2	1
AMFR	Mast_cells	g1	1
AMFR	Mast_cells	g2	0
AMFR	NK_cells	g1	0
AMFR	NK_cells	g2	0
AMH	ACVR1	g1	1
AMH	ACVR1	g2	0
AMH	AMHR2	g1	0
AMH	AMHR2	g2	0
AMH	EGFR	g1	0
AMH	EGFR	g2	0
AMHR2	Mast_cells	g1	0
AMHR2	Mast_cells	g2	0.5
ANGPT1	ITGA5	g1	1
ANGPT1	ITGA5	g2	0
ANGPT1	TEK	g1	1
ANGPT1	TEK	g2	1
ANGPT1	TIE1	g1	0
ANGPT1	TIE1	g2	0.5
ANGPT2	TEK	g1	1
ANGPT2	TEK	g2	1
ANGPT4	TEK	g1	0.5
ANGPT4	TEK	g2	0
ANGPTL3	ITGA5	g1	0
ANGPTL3	ITGA5	g2	1
ANGPTL3	ITGAV	g1	0
ANGPTL3	ITGAV	g2	0
ANGPTL3	ITGB3	g1	0
ANGPTL3	ITGB3	g2	1
ANXA1	DYSF	g1	1
ANXA1	DYSF	g2	1
ANXA1	EGFR	g1	1
ANXA1	EGFR	g2	1
ANXA1	FPR1	g1	1
ANXA1	FPR1	g2	1
ANXA1	FPR2	g1	1
ANXA1	FPR2	g2	1
ANXA1	FPR3	g1	1
ANXA1	FPR3	g2	2
APLP2	Eosinophils	g1	0
APLP2	Eosinophils	g2	1
APLP2	Macrophage	g1	0
APLP2	Macrophage	g2	0.5
APLP2	Mast_cells	g1	0
APLP2	Mast_cells	g2	1
APLP2	NK_cells	g1	1
APLP2	NK_cells	g2	2
APOB	LDLR	g1	0
APOB	LDLR	g2	0
APOB	LRP2	g1	1
APOB	LRP2	g2	2
APOB	LSR	g1	1
APOB	LSR	g2	0
APOB	OLR1	g1	0
APOB	OLR1	g2	0.5
APOD	LEPR	g1	0
APOD	LEPR	g2	1
APOE	LDLR	g1	0
APOE	LDLR	g2	1
APOE	LRP1	g1	0
APOE	LRP1	g2	2
APOE	LRP2	g1	0
APOE	LRP2	g2	0
APOE	LRP5	g1	0
APOE	LRP5	g2	0
APOE	LRP8	g1	0
APOE	LRP8	g2	0.5
APOE	SCARB1	g1	0
APOE	SCARB1	g2	2
APOE	SORL1	g1	0
APOE	SORL1	g2	0.5
APOE	VLDLR	g1	1
APOE	VLDLR	g2	1
APP	CAV1	g1	0.5
APP	CAV1	g2	0
APP	CD74	g1	2
APP	CD74	g2	1
APP	FPR2	g1	0
APP	FPR2	g2	1
APP	GPC1	g1	1
APP	GPC1	g2	0
APP	LRP1	g1	1
APP	LRP1	g2	1
APP	NCSTN	g1	1
APP	NCSTN	g2	1
APP	TNFRSF21	g1	0
APP	TNFRSF21	g2	1
ARF1	INSR	g1	1
ARF1	INSR	g2	0
ARF1	PLD2	g1	1
ARF1	PLD2	g2	1
ARTN	GFRA1	g1	0
ARTN	GFRA1	g2	1
ARTN	GFRA3	g1	0
ARTN	GFRA3	g2	0.5
ARTN	RET	g1	0
ARTN	RET	g2	0.5
ASIP	ATRN	g1	0
ASIP	ATRN	g2	0.5
ASIP	F11R	g1	0
ASIP	F11R	g2	2
ASIP	MC1R	g1	0
ASIP	MC1R	g2	0.5
ASIP	MC2R	g1	0
ASIP	MC2R	g2	1
ASIP	MC3R	g1	0
ASIP	MC3R	g2	0
ASIP	MC4R	g1	0
ASIP	MC4R	g2	0.5
ASIP	MC5R	g1	0
ASIP	MC5R	g2	1
ATP6AP2	Eosinophils	g1	1
ATP6AP2	Eosinophils	g2	1
ATP6AP2	Macrophage	g1	0
ATP6AP2	Macrophage	g2	0.5
ATP6AP2	Mast_cells	g1	0
ATP6AP2	Mast_cells	g2	1
ATP6AP2	NK_cells	g1	0
ATP6AP2	NK_cells	g2	2
ATRN	Macrophage	g1	0
ATRN	Macrophage	g2	0.5
ATRN	Mast_cells	g1	0
ATRN	Mast_cells	g2	1
ATRN	NK_cells	g1	1
ATRN	NK_cells	g2	2
AVP	AVPR1A	g1	1
AVP	AVPR1A	g2	1
AVP	AVPR1B	g1	0
AVP	AVPR1B	g2	0
AVP	AVPR2	g1	1
AVP	AVPR2	g2	0
AVP	OXTR	g1	1
AVP	OXTR	g2	1
AZGP1	ITGAV	g1	0
AZGP1	ITGAV	g2	0
B2M	CD1A	g1	0.5
B2M	CD1A	g2	0
B2M	CD1B	g1	1
B2M	CD1B	g2	1
B2M	HFE	g1	1
B2M	HFE	g2	0
B2M	HLA-F	g1	0
B2M	HLA-F	g2	0
B2M	LILRB1	g1	0
B2M	LILRB1	g2	0
BAMBI	Mast_cells	g1	0
BAMBI	Mast_cells	g2	0.5
BDNF	NGFR	g1	0
BDNF	NGFR	g2	0
BDNF	NGFRAP1	g1	1
BDNF	NGFRAP1	g2	1
BDNF	NTRK2	g1	1
BDNF	NTRK2	g2	0
BDNF	SORT1	g1	0
BDNF	SORT1	g2	0.5
BGN	TLR2	g1	0
BGN	TLR2	g2	0.5
BGN	TLR4	g1	0
BGN	TLR4	g2	0.5
BMP10	ACVR2A	g1	0
BMP10	ACVR2A	g2	0.5
BMP10	ACVRL1	g1	0
BMP10	ACVRL1	g2	0
BMP10	BMPR1A	g1	0
BMP10	BMPR1A	g2	1
BMP10	BMPR1B	g1	0
BMP10	BMPR1B	g2	1
BMP10	BMPR2	g1	0
BMP10	BMPR2	g2	1
BMP10	ENG	g1	1
BMP10	ENG	g2	1
BMP15	ACVR2A	g1	0
BMP15	ACVR2A	g2	0.5
BMP15	BMPR1A	g1	0
BMP15	BMPR1A	g2	1
BMP15	BMPR1B	g1	0
BMP15	BMPR1B	g2	1
BMP15	BMPR2	g1	1
BMP15	BMPR2	g2	1
BMP2	ACVR1	g1	0
BMP2	ACVR1	g2	1
BMP2	ACVR2A	g1	0
BMP2	ACVR2A	g2	0
BMP2	ACVR2B	g1	0
BMP2	ACVR2B	g2	0
BMP2	BMPR1A	g1	0
BMP2	BMPR1A	g2	0
BMP2	BMPR1B	g1	0
BMP2	BMPR1B	g2	0
BMP2	BMPR2	g1	1
BMP2	BMPR2	g2	2
BMP2	ENG	g1	0
BMP2	ENG	g2	2
BMP3	ACVR2B	g1	0
BMP3	ACVR2B	g2	0
BMP4	BMPR1A	g1	1
BMP4	BMPR1A	g2	1
BMP4	BMPR1B	g1	1
BMP4	BMPR1B	g2	1
BMP4	BMPR2	g1	0
BMP4	BMPR2	g2	0
BMP5	BMPR1A	g1	1
BMP5	BMPR1A	g2	1
BMP6	ACVR1	g1	1
BMP6	ACVR1	g2	0
BMP6	ACVR2A	g1	1
BMP6	ACVR2A	g2	1
BMP6	BMPR1A	g1	1
BMP6	BMPR1A	g2	0
BMP6	BMPR1B	g1	1
BMP6	BMPR1B	g2	0
BMP6	BMPR2	g1	0
BMP6	BMPR2	g2	0
BMP7	ACVR1	g1	1
BMP7	ACVR1	g2	2
BMP7	ACVR2A	g1	0
BMP7	ACVR2A	g2	0
BMP7	ACVR2B	g1	0
BMP7	ACVR2B	g2	0
BMP7	BMPR1A	g1	0
BMP7	BMPR1A	g2	0
BMP7	BMPR1B	g1	0
BMP7	BMPR1B	g2	0
BMP7	BMPR2	g1	0
BMP7	BMPR2	g2	1
BMP7	ENG	g1	0
BMP7	ENG	g2	1
BMPR1A	Mast_cells	g1	1
BMPR1A	Mast_cells	g2	0
BMPR2	Macrophage	g1	0
BMPR2	Macrophage	g2	0.5
BMPR2	Mast_cells	g1	0
BMPR2	Mast_cells	g2	1
BMPR2	NK_cells	g1	1
BMPR2	NK_cells	g2	2
BST1	CAV1	g1	0
BST1	CAV1	g2	0
BTC	EGFR	g1	0
BTC	EGFR	g2	2
BTC	ERBB2	g1	0
BTC	ERBB2	g2	0
BTC	ERBB3	g1	0
BTC	ERBB3	g2	0.5
BTC	ERBB4	g1	0
BTC	ERBB4	g2	0.5
C14orf1	Macrophage	g1	0
C14orf1	Macrophage	g2	2
C14orf1	Mast_cells	g1	0
C14orf1	Mast_cells	g2	0
C14orf1	NK_cells	g1	0
C14orf1	NK_cells	g2	0.5
C1QA	CD93	g1	0
C1QA	CD93	g2	2
C1QA	CR1	g1	0
C1QA	CR1	g2	0.5
C1QA	CSPG4	g1	0
C1QA	CSPG4	g2	0
C1QB	LRP1	g1	0
C1QB	LRP1	g2	2
C1QTNF1	AVPR2	g1	1
C1QTNF1	AVPR2	g2	1
C3	C3AR1	g1	0
C3	C3AR1	g2	1
C3	C5AR2	g1	0
C3	C5AR2	g2	0.5
C3	CD19	g1	0
C3	CD19	g2	0
C3	CD46	g1	0
C3	CD46	g2	0.5
C3	CR1	g1	0
C3	CR1	g2	1
C3	ITGAM	g1	0
C3	ITGAM	g2	2
C3	ITGAX	g1	0
C3	ITGAX	g2	1
C3	ITGB2	g1	0
C3	ITGB2	g2	2
C3	LRP1	g1	1
C3	LRP1	g2	2
C3AR1	Eosinophils	g1	0
C3AR1	Eosinophils	g2	0
C3AR1	Macrophage	g1	0
C3AR1	Macrophage	g2	0
C3AR1	Mast_cells	g1	0
C3AR1	Mast_cells	g2	0.5
C4BPA	BMPR2	g1	0
C4BPA	BMPR2	g2	1
C4BPA	CD40	g1	1
C4BPA	CD40	g2	1
C4BPA	LRP1	g1	1
C4BPA	LRP1	g2	1
C5	C5AR1	g1	1
C5	C5AR1	g2	1
C5	C5AR2	g1	0
C5	C5AR2	g2	1
C5AR1	Eosinophils	g1	0
C5AR1	Eosinophils	g2	0
C5AR1	Macrophage	g1	0
C5AR1	Macrophage	g2	0
C5AR1	Mast_cells	g1	0
C5AR1	Mast_cells	g2	0.5
C5AR2	Eosinophils	g1	0
C5AR2	Eosinophils	g2	0
CALCA	CALCR	g1	1
CALCA	CALCR	g2	0
CALCA	CALCRL	g1	0
CALCA	CALCRL	g2	0
CALCA	RAMP1	g1	0
CALCA	RAMP1	g2	0
CALCA	RAMP2	g1	0
CALCA	RAMP2	g2	0
CALCB	CALCR	g1	1
CALCB	CALCR	g2	1
CALCB	CALCRL	g1	0
CALCB	CALCRL	g2	0.5
CALCB	RAMP1	g1	0
CALCB	RAMP1	g2	0.5
CALCRL	Mast_cells	g1	0
CALCRL	Mast_cells	g2	0.5
CALR	ITGA2B	g1	0
CALR	ITGA2B	g2	0
CALR	ITGA3	g1	1
CALR	ITGA3	g2	1
CALR	ITGAV	g1	0
CALR	ITGAV	g2	1
CALR	LRP1	g1	1
CALR	LRP1	g2	1
CALR	MTNR1A	g1	1
CALR	MTNR1A	g2	0
CALR	SCARF1	g1	0
CALR	SCARF1	g2	0
CALR	TSHR	g1	0.5
CALR	TSHR	g2	0
CAMP	FPR2	g1	1
CAMP	FPR2	g2	2
CANX	Eosinophils	g1	1
CANX	Eosinophils	g2	1
CANX	Macrophage	g1	0
CANX	Macrophage	g2	2
CANX	Mast_cells	g1	0
CANX	Mast_cells	g2	0
CANX	NK_cells	g1	0
CANX	NK_cells	g2	0.5
CCK	CCKAR	g1	1
CCK	CCKAR	g2	0
CCK	CCKBR	g1	1
CCK	CCKBR	g2	0
CCL1	CCR8	g1	0
CCL1	CCR8	g2	0.5
CCL11	CCR2	g1	0
CCL11	CCR2	g2	0
CCL11	CCR3	g1	0
CCL11	CCR3	g2	0.5
CCL11	CCR5	g1	0
CCL11	CCR5	g2	0
CCL11	CXCR3	g1	1
CCL11	CXCR3	g2	0
CCL13	CCR1	g1	1
CCL13	CCR1	g2	1
CCL13	CCR2	g1	0
CCL13	CCR2	g2	0
CCL13	CCR3	g1	0
CCL13	CCR3	g2	2
CCL13	CCR5	g1	1
CCL13	CCR5	g2	1
CCL13	CXCR3	g1	0
CCL13	CXCR3	g2	0
CCL14	CCR1	g1	1
CCL14	CCR1	g2	2
CCL14	CCR3	g1	0
CCL14	CCR3	g2	0.5
CCL14	CCR5	g1	1
CCL14	CCR5	g2	2
CCL15	CCR1	g1	0
CCL15	CCR1	g2	2
CCL15	CCR3	g1	0
CCL15	CCR3	g2	0.5
CCL16	CCR1	g1	1
CCL16	CCR1	g2	1
CCL16	CCR2	g1	0
CCL16	CCR2	g2	0
CCL16	CCR5	g1	1
CCL16	CCR5	g2	1
CCL16	CCR8	g1	0
CCL16	CCR8	g2	0.5
CCL16	HRH4	g1	1
CCL16	HRH4	g2	2
CCL17	CCR4	g1	0
CCL17	CCR4	g2	0
CCL17	CCR8	g1	0
CCL17	CCR8	g2	0.5
CCL17	DARC	g1	0
CCL17	DARC	g2	2
CCL18	C14orf1	g1	0
CCL18	C14orf1	g2	0.5
CCL19	CCR10	g1	0
CCL19	CCR10	g2	0
CCL19	CCR7	g1	0
CCL19	CCR7	g2	0
CCL19	CCRL2	g1	0
CCL19	CCRL2	g2	2
CCL19	CXCR3	g1	0
CCL19	CXCR3	g2	1
CCL2	CCR1	g1	0
CCL2	CCR1	g2	1
CCL2	CCR10	g1	0
CCL2	CCR10	g2	0
CCL2	CCR2	g1	0
CCL2	CCR2	g2	0
CCL2	CCR3	g1	0
CCL2	CCR3	g2	2
CCL2	CCR4	g1	0
CCL2	CCR4	g2	0
CCL2	CCR5	g1	0
CCL2	CCR5	g2	1
CCL2	DARC	g1	1
CCL2	DARC	g2	2
CCL20	CCR6	g1	0
CCL20	CCR6	g2	2
CCL20	CXCR3	g1	0
CCL20	CXCR3	g2	0
CCL21	CCR7	g1	1
CCL21	CCR7	g2	0
CCL21	CXCR3	g1	1
CCL21	CXCR3	g2	1
CCL22	CCR4	g1	0
CCL22	CCR4	g2	0
CCL23	CCR1	g1	1
CCL23	CCR1	g2	2
CCL24	CCR2	g1	0
CCL24	CCR2	g2	1
CCL24	CCR3	g1	0
CCL24	CCR3	g2	0.5
CCL25	CCR10	g1	0.5
CCL25	CCR10	g2	0
CCL25	CCR9	g1	0
CCL25	CCR9	g2	0
CCL27	CCR10	g1	0.5
CCL27	CCR10	g2	0
CCL4	CCR1	g1	1
CCL4	CCR1	g2	2
CCL4	CCR3	g1	0
CCL4	CCR3	g2	0.5
CCL4	CCR5	g1	1
CCL4	CCR5	g2	2
CCL4	CCR8	g1	0
CCL4	CCR8	g2	0
CCL5	CCR1	g1	1
CCL5	CCR1	g2	2
CCL5	CCR3	g1	0
CCL5	CCR3	g2	0.5
CCL5	CCR4	g1	0
CCL5	CCR4	g2	0
CCL5	CCR5	g1	1
CCL5	CCR5	g2	2
CCL5	CXCR3	g1	0
CCL5	CXCR3	g2	1
CCL5	DARC	g1	0
CCL5	DARC	g2	1
CCL5	GPR75	g1	0
CCL5	GPR75	g2	0
CCL5	SDC1	g1	0
CCL5	SDC1	g2	0
CCL5	SDC4	g1	1
CCL5	SDC4	g2	2
CCL7	CCR1	g1	1
CCL7	CCR1	g2	1
CCL7	CCR10	g1	0
CCL7	CCR10	g2	0
CCL7	CCR2	g1	0
CCL7	CCR2	g2	0
CCL7	CCR3	g1	0
CCL7	CCR3	g2	2
CCL7	CCR5	g1	1
CCL7	CCR5	g2	1
CCL7	CXCR3	g1	0
CCL7	CXCR3	g2	0
CCL7	DARC	g1	0
CCL7	DARC	g2	2
CCL8	CCR1	g1	0
CCL8	CCR1	g2	2
CCL8	CCR2	g1	0
CCL8	CCR2	g2	2
CCL8	CCR3	g1	0
CCL8	CCR3	g2	0.3333333333333333
CCL8	CCR5	g1	0
CCL8	CCR5	g2	2
CCL8	DARC	g1	0
CCL8	DARC	g2	0.5
CCR1	Eosinophils	g1	0
CCR1	Eosinophils	g2	1
CCR1	Macrophage	g1	0
CCR1	Macrophage	g2	0.5
CCR3	Eosinophils	g1	0
CCR3	Eosinophils	g2	0
CCR4	Eosinophils	g1	0.5
CCR4	Eosinophils	g2	0
CCR4	NK_cells	g1	0
CCR4	NK_cells	g2	0
CCR5	Macrophage	g1	0
CCR5	Macrophage	g2	0.5
CCR6	Eosinophils	g1	0
CCR6	Eosinophils	g2	0
CCR6	NK_cells	g1	0
CCR6	NK_cells	g2	0
CCR7	Eosinophils	g1	0.5
CCR7	Eosinophils	g2	0
CCR7	NK_cells	g1	0
CCR7	NK_cells	g2	0
CCRL2	Eosinophils	g1	0
CCRL2	Eosinophils	g2	1
CCRL2	Macrophage	g1	0
CCRL2	Macrophage	g2	0.5
CCRL2	Mast_cells	g1	0
CCRL2	Mast_cells	g2	1
CD14	ITGA4	g1	0
CD14	ITGA4	g2	0
CD14	ITGB1	g1	0
CD14	ITGB1	g2	0
CD151	Macrophage	g1	0
CD151	Macrophage	g2	0.5
CD151	Mast_cells	g1	0
CD151	Mast_cells	g2	1
CD160	NK_cells	g1	0
CD160	NK_cells	g2	0.5
CD177	Eosinophils	g1	0
CD177	Eosinophils	g2	0
CD180	Macrophage	g1	1
CD180	Macrophage	g2	1
CD27	NK_cells	g1	0
CD27	NK_cells	g2	0
CD28	Eosinophils	g1	0.5
CD28	Eosinophils	g2	0
CD28	NK_cells	g1	0
CD28	NK_cells	g2	0
CD34	SELL	g1	1
CD34	SELL	g2	2
CD36	Macrophage	g1	0
CD36	Macrophage	g2	0.5
CD4	Eosinophils	g1	1
CD4	Eosinophils	g2	1
CD4	Macrophage	g1	0
CD4	Macrophage	g2	0.5
CD4	Mast_cells	g1	0
CD4	Mast_cells	g2	1
CD4	NK_cells	g1	0
CD4	NK_cells	g2	2
CD40	Macrophage	g1	0
CD40	Macrophage	g2	0
CD40LG	CD40	g1	0.5
CD40LG	CD40	g2	0
CD44	Eosinophils	g1	1
CD44	Eosinophils	g2	1
CD44	Macrophage	g1	0
CD44	Macrophage	g2	0.5
CD44	Mast_cells	g1	0
CD44	Mast_cells	g2	1
CD44	NK_cells	g1	0
CD44	NK_cells	g2	2
CD46	Eosinophils	g1	0
CD46	Eosinophils	g2	0
CD46	Macrophage	g1	0
CD46	Macrophage	g2	0
CD46	Mast_cells	g1	0
CD46	Mast_cells	g2	0.5
CD46	NK_cells	g1	0
CD46	NK_cells	g2	0.5
CD47	Eosinophils	g1	0.5
CD47	Eosinophils	g2	0
CD47	Macrophage	g1	1
CD47	Macrophage	g2	0
CD47	Mast_cells	g1	1
CD47	Mast_cells	g2	0
CD47	NK_cells	g1	0
CD47	NK_cells	g2	0
CD5	Eosinophils	g1	0.5
CD5	Eosinophils	g2	0
CD5	NK_cells	g1	0
CD5	NK_cells	g2	0
CD53	Eosinophils	g1	0
CD53	Eosinophils	g2	1
CD53	Macrophage	g1	1
CD53	Macrophage	g2	2
CD53	Mast_cells	g1	1
CD53	Mast_cells	g2	0
CD53	NK_cells	g1	0
CD53	NK_cells	g2	0.5
CD55	CD97	g1	0
CD55	CD97	g2	1
CD55	CR1	g1	0
CD55	CR1	g2	2
CD5L	CD5	g1	1
CD5L	CD5	g2	0
CD63	Eosinophils	g1	0
CD63	Eosinophils	g2	1
CD63	Macrophage	g1	0
CD63	Macrophage	g2	0.5
CD63	Mast_cells	g1	0
CD63	Mast_cells	g2	1
CD63	NK_cells	g1	1
CD63	NK_cells	g2	2
CD70	CD27	g1	2
CD70	CD27	g2	0
CD74	Eosinophils	g1	2
CD74	Eosinophils	g2	0
CD74	Macrophage	g1	0
CD74	Macrophage	g2	0
CD74	Mast_cells	g1	0
CD74	Mast_cells	g2	1
CD74	NK_cells	g1	0
CD74	NK_cells	g2	1
CD79A	Eosinophils	g1	0
CD79A	Eosinophils	g2	0
CD80	CD28	g1	0
CD80	CD28	g2	1
CD80	CTLA4	g1	0
CD80	CTLA4	g2	0.5
CD81	Eosinophils	g1	0
CD81	Eosinophils	g2	1
CD81	Macrophage	g1	0
CD81	Macrophage	g2	0.5
CD81	Mast_cells	g1	0
CD81	Mast_cells	g2	1
CD81	NK_cells	g1	1
CD81	NK_cells	g2	2
CD82	Eosinophils	g1	0
CD82	Eosinophils	g2	0
CD82	Macrophage	g1	1
CD82	Macrophage	g2	1
CD82	Mast_cells	g1	1
CD82	Mast_cells	g2	0
CD82	NK_cells	g1	0
CD82	NK_cells	g2	0
CD9	Eosinophils	g1	0
CD9	Eosinophils	g2	0
CD9	Macrophage	g1	0
CD9	Macrophage	g2	0
CD9	Mast_cells	g1	0
CD9	Mast_cells	g2	0.5
CD93	Eosinophils	g1	0
CD93	Eosinophils	g2	1
CD97	Eosinophils	g1	0
CD97	Eosinophils	g2	1
CD97	Macrophage	g1	0
CD97	Macrophage	g2	0.5
CD97	Mast_cells	g1	0
CD97	Mast_cells	g2	1
CD97	NK_cells	g1	1
CD97	NK_cells	g2	2
CDH1	EGFR	g1	0
CDH1	EGFR	g2	0
CDH1	IGF1R	g1	0
CDH1	IGF1R	g2	0
CDH1	ITGAE	g1	2
CDH1	ITGAE	g2	1
CDH1	ITGB7	g1	2
CDH1	ITGB7	g2	0
CDH1	PTPRF	g1	2
CDH1	PTPRF	g2	0
CDH1	PTPRM	g1	1
CDH1	PTPRM	g2	0
CEL	CXCR4	g1	0
CEL	CXCR4	g2	0
CFH	ITGAM	g1	1
CFH	ITGAM	g2	2
CFH	SELL	g1	0
CFH	SELL	g2	0
CGA	FSHR	g1	1
CGA	FSHR	g2	1
CGA	LHCGR	g1	1
CGA	LHCGR	g2	1
CGA	TSHR	g1	2
CGA	TSHR	g2	0
CHAD	ITGA2	g1	1
CHAD	ITGA2	g2	2
CHAD	ITGB1	g1	1
CHAD	ITGB1	g2	1
CLCF1	CNTFR	g1	0
CLCF1	CNTFR	g2	0
CLCF1	CRLF1	g1	0
CLCF1	CRLF1	g2	0
CLCF1	IL6ST	g1	0
CLCF1	IL6ST	g2	0
CLCF1	LIFR	g1	0
CLCF1	LIFR	g2	0.5
CMKLR1	Macrophage	g1	0
CMKLR1	Macrophage	g2	0.5
CNTN2	CNTN1	g1	0
CNTN2	CNTN1	g2	1
CNTN2	CNTNAP2	g1	0
CNTN2	CNTNAP2	g2	1
CNTN2	NRCAM	g1	0
CNTN2	NRCAM	g2	1
COL11A1	DDR1	g1	2
COL11A1	DDR1	g2	0
COL13A1	Mast_cells	g1	0
COL13A1	Mast_cells	g2	0
COL14A1	CD44	g1	0
COL14A1	CD44	g2	1
COL18A1	GPC1	g1	1
COL18A1	GPC1	g2	0
COL18A1	GPC4	g1	0
COL18A1	GPC4	g2	0
COL18A1	ITGA5	g1	1
COL18A1	ITGA5	g2	0
COL18A1	ITGB1	g1	0.5
COL18A1	ITGB1	g2	0
COL18A1	KDR	g1	0.5
COL18A1	KDR	g2	0
COL1A1	CD36	g1	0
COL1A1	CD36	g2	0
COL1A1	CD44	g1	1
COL1A1	CD44	g2	0
COL1A1	CD93	g1	0
COL1A1	CD93	g2	0
COL1A1	DDR1	g1	0.5
COL1A1	DDR1	g2	0
COL1A1	DDR2	g1	0.5
COL1A1	DDR2	g2	0
COL1A1	ITGA2	g1	0
COL1A1	ITGA2	g2	1
COL1A1	ITGA5	g1	1
COL1A1	ITGA5	g2	0
COL1A1	ITGB1	g1	0.5
COL1A1	ITGB1	g2	0
COL1A1	TMPRSS6	g1	0.5
COL1A1	TMPRSS6	g2	0
COL1A2	CD36	g1	0
COL1A2	CD36	g2	0
COL1A2	CD44	g1	0
COL1A2	CD44	g2	0
COL1A2	CD93	g1	0
COL1A2	CD93	g2	0
COL1A2	ITGA2	g1	1
COL1A2	ITGA2	g2	2
COL1A2	ITGA2B	g1	0
COL1A2	ITGA2B	g2	0.5
COL1A2	ITGB3	g1	0
COL1A2	ITGB3	g2	0.5
COL2A1	DDR1	g1	0.5
COL2A1	DDR1	g2	0
COL2A1	ITGA10	g1	0
COL2A1	ITGA10	g2	1
COL2A1	ITGA2	g1	0
COL2A1	ITGA2	g2	1
COL2A1	ITGA2B	g1	0
COL2A1	ITGA2B	g2	1
COL2A1	ITGB1	g1	0.5
COL2A1	ITGB1	g2	0
COL2A1	MAG	g1	1
COL2A1	MAG	g2	0
COL3A1	DDR1	g1	1
COL3A1	DDR1	g2	1
COL3A1	DDR2	g1	1
COL3A1	DDR2	g2	1
COL3A1	MAG	g1	0
COL3A1	MAG	g2	0
COL4A1	CD93	g1	1
COL4A1	CD93	g2	1
COL4A1	ITGAV	g1	1
COL4A1	ITGAV	g2	1
COL4A1	ITGB1	g1	0
COL4A1	ITGB1	g2	0
COL4A1	ITGB8	g1	1
COL4A1	ITGB8	g2	2
COL4A2	CD93	g1	0
COL4A2	CD93	g2	0
COL4A3	CD47	g1	1
COL4A3	CD47	g2	0
COL4A3	CD93	g1	0
COL4A3	CD93	g2	0
COL4A3	ITGAV	g1	0
COL4A3	ITGAV	g2	0
COL4A4	CD93	g1	0
COL4A4	CD93	g2	0
COL4A5	CD93	g1	0
COL4A5	CD93	g2	0
COL4A6	CD93	g1	0
COL4A6	CD93	g2	0
COL5A2	DDR1	g1	1
COL5A2	DDR1	g2	1
COL9A1	MAG	g1	0
COL9A1	MAG	g2	0.5
COL9A2	MAG	g1	1
COL9A2	MAG	g2	0
COL9A3	MAG	g1	0
COL9A3	MAG	g2	0.5
COLQ	MUSK	g1	1
COLQ	MUSK	g2	0
CR1	Eosinophils	g1	0
CR1	Eosinophils	g2	0
CR1	Macrophage	g1	0
CR1	Macrophage	g2	0
CRH	CRHR1	g1	1
CRH	CRHR1	g2	1
CRH	CRHR2	g1	0
CRH	CRHR2	g2	0
CRH	MC2R	g1	1
CRH	MC2R	g2	0
CRP	OLR1	g1	0
CRP	OLR1	g2	0
CSF1	CSF1R	g1	0
CSF1	CSF1R	g2	2
CSF1R	Macrophage	g1	0
CSF1R	Macrophage	g2	0.5
CSF2	CSF1R	g1	0
CSF2	CSF1R	g2	0.3333333333333333
CSF2	CSF3R	g1	0
CSF2	CSF3R	g2	0.5
CSF2	SDC2	g1	0
CSF2	SDC2	g2	0.5
CSF3	CSF1R	g1	0
CSF3	CSF1R	g2	0
CSF3	CSF3R	g1	0
CSF3	CSF3R	g2	0
CSF3R	Eosinophils	g1	0
CSF3R	Eosinophils	g2	0
CSF3R	Macrophage	g1	0
CSF3R	Macrophage	g2	0
CSH1	PRLR	g1	0
CSH1	PRLR	g2	0
CSH2	PRLR	g1	0
CSH2	PRLR	g2	2
CSHL1	PRLR	g1	0
CSHL1	PRLR	g2	0
CTF1	IL6ST	g1	0
CTF1	IL6ST	g2	1
CTF1	LIFR	g1	0
CTF1	LIFR	g2	0
CTGF	ERBB4	g1	0
CTGF	ERBB4	g2	0.5
CTGF	ITGA5	g1	0
CTGF	ITGA5	g2	1
CTGF	ITGAM	g1	0
CTGF	ITGAM	g2	1
CTGF	ITGB2	g1	0
CTGF	ITGB2	g2	0.5
CTGF	LRP1	g1	1
CTGF	LRP1	g2	1
CTGF	LRP6	g1	0
CTGF	LRP6	g2	0
CTGF	NTRK1	g1	0
CTGF	NTRK1	g2	2
CUBN	LRP2	g1	1
CUBN	LRP2	g2	1
CX3CL1	CX3CR1	g1	1
CX3CL1	CX3CR1	g2	1
CX3CR1	NK_cells	g1	0
CX3CR1	NK_cells	g2	0.5
CXCL1	CXCR1	g1	1
CXCL1	CXCR1	g2	2
CXCL1	CXCR2	g1	1
CXCL1	CXCR2	g2	2
CXCL1	DARC	g1	0
CXCL1	DARC	g2	2
CXCL10	CCR3	g1	0
CXCL10	CCR3	g2	0.3333333333333333
CXCL10	CXCR3	g1	0
CXCL10	CXCR3	g2	2
CXCL10	SDC4	g1	0
CXCL10	SDC4	g2	2
CXCL11	CCR3	g1	0
CXCL11	CCR3	g2	0.3333333333333333
CXCL11	CXCR3	g1	0
CXCL11	CXCR3	g2	2
CXCL12	CD4	g1	0
CXCL12	CD4	g2	0
CXCL12	CXCR3	g1	1
CXCL12	CXCR3	g2	0
CXCL12	CXCR4	g1	1
CXCL12	CXCR4	g2	1
CXCL12	ITGB1	g1	0.5
CXCL12	ITGB1	g2	0
CXCL13	CCR10	g1	0.5
CXCL13	CCR10	g2	0
CXCL13	CXCR3	g1	1
CXCL13	CXCR3	g2	1
CXCL13	CXCR5	g1	2
CXCL13	CXCR5	g2	1
CXCL2	CXCR1	g1	1
CXCL2	CXCR1	g2	2
CXCL2	CXCR2	g1	1
CXCL2	CXCR2	g2	2
CXCL2	XCR1	g1	0
CXCL2	XCR1	g2	2
CXCL3	CXCR1	g1	1
CXCL3	CXCR1	g2	2
CXCL3	CXCR2	g1	1
CXCL3	CXCR2	g2	2
CXCL5	CXCR1	g1	0
CXCL5	CXCR1	g2	1
CXCL5	CXCR2	g1	0
CXCL5	CXCR2	g2	1
CXCL5	DARC	g1	1
CXCL5	DARC	g2	1
CXCL6	CXCR1	g1	1
CXCL6	CXCR1	g2	2
CXCL6	CXCR2	g1	1
CXCL6	CXCR2	g2	2
CXCL9	CCR3	g1	0
CXCL9	CCR3	g2	0.5
CXCL9	CXCR3	g1	0
CXCL9	CXCR3	g2	1
CXCR1	Eosinophils	g1	0
CXCR1	Eosinophils	g2	0
CXCR2	Eosinophils	g1	0
CXCR2	Eosinophils	g2	0
CXCR3	NK_cells	g1	0
CXCR3	NK_cells	g2	1
CXCR4	Eosinophils	g1	0
CXCR4	Eosinophils	g2	0
CXCR4	Macrophage	g1	1
CXCR4	Macrophage	g2	1
CXCR4	NK_cells	g1	0
CXCR4	NK_cells	g2	0
CYR61	ITGA5	g1	1
CYR61	ITGA5	g2	1
CYR61	ITGAM	g1	0
CYR61	ITGAM	g2	1
CYR61	ITGAV	g1	0
CYR61	ITGAV	g2	1
CYR61	ITGB2	g1	0
CYR61	ITGB2	g2	2
CYR61	ITGB3	g1	0
CYR61	ITGB3	g2	0.5
CYR61	ITGB5	g1	0
CYR61	ITGB5	g2	1
DCBLD2	Mast_cells	g1	0
DCBLD2	Mast_cells	g2	0.5
DCN	EGFR	g1	0
DCN	EGFR	g2	0.5
DCN	ERBB4	g1	1
DCN	ERBB4	g2	2
DCN	MET	g1	1
DCN	MET	g2	2
DEFB1	CCR6	g1	0
DEFB1	CCR6	g2	1
DKK1	KREMEN2	g1	0
DKK1	KREMEN2	g2	0
DKK1	LRP5	g1	1
DKK1	LRP5	g2	0
DKK1	LRP6	g1	1
DKK1	LRP6	g2	1
DKK2	KREMEN2	g1	0
DKK2	KREMEN2	g2	0
DKK2	LRP6	g1	1
DKK2	LRP6	g2	1
DLK1	NOTCH1	g1	1
DLK1	NOTCH1	g2	1
DLK2	NOTCH1	g1	1
DLK2	NOTCH1	g2	2
DPP4	Macrophage	g1	1
DPP4	Macrophage	g2	0
DPP4	Mast_cells	g1	1
DPP4	Mast_cells	g2	1
DRD2	Mast_cells	g1	1
DRD2	Mast_cells	g2	0
DYSF	Eosinophils	g1	0
DYSF	Eosinophils	g2	0
EBI3	IL27RA	g1	0
EBI3	IL27RA	g2	0.5
EDA	EDA2R	g1	0
EDA	EDA2R	g2	0.5
EDA	EDAR	g1	1
EDA	EDAR	g2	1
EDIL3	ITGAV	g1	0
EDIL3	ITGAV	g2	0
EDN1	EDNRA	g1	0
EDN1	EDNRA	g2	0.5
EDN1	EDNRB	g1	0
EDN1	EDNRB	g2	2
EDN1	KEL	g1	0
EDN1	KEL	g2	1
EDN2	EDNRA	g1	0
EDN2	EDNRA	g2	0
EDN2	EDNRB	g1	1
EDN2	EDNRB	g2	1
EDN2	KEL	g1	2
EDN2	KEL	g2	0
EDN3	EDNRA	g1	0
EDN3	EDNRA	g2	1
EDN3	EDNRB	g1	1
EDN3	EDNRB	g2	1
EDN3	KEL	g1	2
EDN3	KEL	g2	1
EDNRB	Mast_cells	g1	0
EDNRB	Mast_cells	g2	0.5
EFEMP1	EGFR	g1	0
EFEMP1	EGFR	g2	0
EFEMP2	AQP1	g1	0
EFEMP2	AQP1	g2	2
EFEMP2	PLSCR4	g1	0
EFEMP2	PLSCR4	g2	2
EFNA1	EPHA1	g1	2
EFNA1	EPHA1	g2	1
EFNA1	EPHA2	g1	1
EFNA1	EPHA2	g2	1
EFNA1	EPHA3	g1	1
EFNA1	EPHA3	g2	0
EFNA1	EPHA4	g1	1
EFNA1	EPHA4	g2	0
EFNA1	EPHA5	g1	1
EFNA1	EPHA5	g2	0
EFNA1	EPHA7	g1	1
EFNA1	EPHA7	g2	0
EFNA1	EPHB1	g1	0
EFNA1	EPHB1	g2	0
EFNA2	EPHA2	g1	0
EFNA2	EPHA2	g2	0
EFNA2	EPHA3	g1	1
EFNA2	EPHA3	g2	2
EFNA2	EPHA4	g1	1
EFNA2	EPHA4	g2	0
EFNA2	EPHA5	g1	1
EFNA2	EPHA5	g2	2
EFNA2	EPHA7	g1	1
EFNA2	EPHA7	g2	2
EFNA3	EPHA1	g1	0
EFNA3	EPHA1	g2	0
EFNA3	EPHA2	g1	0
EFNA3	EPHA2	g2	0.5
EFNA3	EPHA3	g1	0
EFNA3	EPHA3	g2	0
EFNA3	EPHA4	g1	0
EFNA3	EPHA4	g2	2
EFNA3	EPHA5	g1	0
EFNA3	EPHA5	g2	0
EFNA3	EPHA7	g1	0
EFNA3	EPHA7	g2	0
EFNA3	EPHB1	g1	0
EFNA3	EPHB1	g2	0.5
EFNA4	EPHA2	g1	1
EFNA4	EPHA2	g2	0
EFNA4	EPHA3	g1	0
EFNA4	EPHA3	g2	0
EFNA4	EPHA4	g1	0
EFNA4	EPHA4	g2	1
EFNA4	EPHA5	g1	0
EFNA4	EPHA5	g2	0
EFNA4	EPHA7	g1	0
EFNA4	EPHA7	g2	0
EFNA5	EPHA2	g1	1
EFNA5	EPHA2	g2	0
EFNA5	EPHA3	g1	0
EFNA5	EPHA3	g2	0
EFNA5	EPHA4	g1	0
EFNA5	EPHA4	g2	1
EFNA5	EPHA5	g1	0
EFNA5	EPHA5	g2	0
EFNA5	EPHA7	g1	0
EFNA5	EPHA7	g2	0
EFNA5	EPHB1	g1	0
EFNA5	EPHB1	g2	0
EFNA5	EPHB2	g1	0
EFNA5	EPHB2	g2	1
EFNA5	EPHB6	g1	0.5
EFNA5	EPHB6	g2	0
EFNB1	EPHB1	g1	0
EFNB1	EPHB1	g2	0.5
EFNB1	EPHB2	g1	0
EFNB1	EPHB2	g2	0
EFNB1	EPHB3	g1	1
EFNB1	EPHB3	g2	2
EFNB1	EPHB4	g1	0
EFNB1	EPHB4	g2	0
EFNB1	EPHB6	g1	1
EFNB1	EPHB6	g2	0
EFNB1	ERBB2	g1	1
EFNB1	ERBB2	g2	0
EFNB2	EPHA3	g1	0
EFNB2	EPHA3	g2	0.5
EFNB2	EPHA4	g1	0
EFNB2	EPHA4	g2	0
EFNB2	EPHB1	g1	0
EFNB2	EPHB1	g2	2
EFNB2	EPHB2	g1	0
EFNB2	EPHB2	g2	0.5
EFNB2	EPHB3	g1	0
EFNB2	EPHB3	g2	0.5
EFNB2	EPHB4	g1	1
EFNB2	EPHB4	g2	1
EFNB2	EPHB6	g1	0
EFNB2	EPHB6	g2	0
EFNB2	GRM1	g1	0
EFNB2	GRM1	g2	0
EFNB2	GRM5	g1	0
EFNB2	GRM5	g2	0.5
EFNB2	PECAM1	g1	1
EFNB2	PECAM1	g2	2
EFNB3	EPHA4	g1	0
EFNB3	EPHA4	g2	0
EFNB3	EPHB2	g1	0
EFNB3	EPHB2	g2	0.5
EFNB3	EPHB3	g1	0
EFNB3	EPHB3	g2	0.5
EFNB3	EPHB4	g1	1
EFNB3	EPHB4	g2	1
EGF	EGFR	g1	0
EGF	EGFR	g2	0.5
EGF	ERBB2	g1	1
EGF	ERBB2	g2	0
EGF	ERBB3	g1	1
EGF	ERBB3	g2	2
EGF	ERBB4	g1	1
EGF	ERBB4	g2	2
ENG	Macrophage	g1	0
ENG	Macrophage	g2	0.5
EPHA4	NK_cells	g1	0
EPHA4	NK_cells	g2	1
EPHA5	Mast_cells	g1	1
EPHA5	Mast_cells	g2	0
EPHB1	Eosinophils	g1	0
EPHB1	Eosinophils	g2	0
EPHB2	Macrophage	g1	0
EPHB2	Macrophage	g2	0.5
EPO	EPOR	g1	1
EPO	EPOR	g2	1
EPOR	Eosinophils	g1	1
EPOR	Eosinophils	g2	0
EPOR	Mast_cells	g1	0
EPOR	Mast_cells	g2	0.5
EREG	EGFR	g1	1
EREG	EGFR	g2	2
EREG	ERBB4	g1	0
EREG	ERBB4	g2	0.5
Eosinophils	ADAM10	g1	1
Eosinophils	ADAM10	g2	1
Eosinophils	ADAM15	g1	1
Eosinophils	ADAM15	g2	1
Eosinophils	ADAM17	g1	0
Eosinophils	ADAM17	g2	0
Eosinophils	ADAM28	g1	0
Eosinophils	ADAM28	g2	0
Eosinophils	ADAM9	g1	0
Eosinophils	ADAM9	g2	1
Eosinophils	ADM	g1	0
Eosinophils	ADM	g2	0
Eosinophils	ANXA1	g1	0
Eosinophils	ANXA1	g2	1
Eosinophils	APP	g1	2
Eosinophils	APP	g2	0
Eosinophils	ARF1	g1	1
Eosinophils	ARF1	g2	1
Eosinophils	B2M	g1	0.5
Eosinophils	B2M	g2	0
Eosinophils	BMP6	g1	0.5
Eosinophils	BMP6	g2	0
Eosinophils	BST1	g1	0
Eosinophils	BST1	g2	0
Eosinophils	C4BPA	g1	1
Eosinophils	C4BPA	g2	0
Eosinophils	CALR	g1	2
Eosinophils	CALR	g2	1
Eosinophils	CAMP	g1	0
Eosinophils	CAMP	g2	0
Eosinophils	CCL20	g1	0
Eosinophils	CCL20	g2	0
Eosinophils	CCL4	g1	0
Eosinophils	CCL4	g2	1
Eosinophils	CCL5	g1	0
Eosinophils	CCL5	g2	1
Eosinophils	CD14	g1	0
Eosinophils	CD14	g2	1
Eosinophils	CD55	g1	1
Eosinophils	CD55	g2	0
Eosinophils	COL9A2	g1	2
Eosinophils	COL9A2	g2	0
Eosinophils	CSF1	g1	1
Eosinophils	CSF1	g2	1
Eosinophils	CXCL1	g1	0
Eosinophils	CXCL1	g2	0
Eosinophils	CXCL2	g1	0
Eosinophils	CXCL2	g2	0
Eosinophils	EDN1	g1	0
Eosinophils	EDN1	g2	0
Eosinophils	EREG	g1	0
Eosinophils	EREG	g2	0
Eosinophils	F13A1	g1	0
Eosinophils	F13A1	g2	1
Eosinophils	FGF13	g1	0
Eosinophils	FGF13	g2	0
Eosinophils	FLT3LG	g1	0.5
Eosinophils	FLT3LG	g2	0
Eosinophils	GNAI2	g1	0
Eosinophils	GNAI2	g2	1
Eosinophils	GNAS	g1	0.5
Eosinophils	GNAS	g2	0
Eosinophils	GPI	g1	1
Eosinophils	GPI	g2	1
Eosinophils	GZMB	g1	1
Eosinophils	GZMB	g2	1
Eosinophils	HLA-A	g1	0
Eosinophils	HLA-A	g2	1
Eosinophils	HLA-B	g1	0
Eosinophils	HLA-B	g2	1
Eosinophils	HLA-C	g1	1
Eosinophils	HLA-C	g2	1
Eosinophils	HLA-E	g1	1
Eosinophils	HLA-E	g2	1
Eosinophils	HSP90AA1	g1	0
Eosinophils	HSP90AA1	g2	1
Eosinophils	ICAM1	g1	0
Eosinophils	ICAM1	g2	1
Eosinophils	ICAM2	g1	0.5
Eosinophils	ICAM2	g2	0
Eosinophils	ICAM3	g1	0
Eosinophils	ICAM3	g2	0
Eosinophils	IL16	g1	0.5
Eosinophils	IL16	g2	0
Eosinophils	IL18	g1	0
Eosinophils	IL18	g2	1
Eosinophils	IL1A	g1	0
Eosinophils	IL1A	g2	0
Eosinophils	IL1B	g1	0
Eosinophils	IL1B	g2	0
Eosinophils	IL1RN	g1	0
Eosinophils	IL1RN	g2	1
Eosinophils	IL23A	g1	0.5
Eosinophils	IL23A	g2	0
Eosinophils	IL8	g1	0
Eosinophils	IL8	g2	0
Eosinophils	JAG1	g1	1
Eosinophils	JAG1	g2	0
Eosinophils	LCN2	g1	1
Eosinophils	LCN2	g2	1
Eosinophils	LIN7C	g1	1
Eosinophils	LIN7C	g2	1
Eosinophils	LRPAP1	g1	0
Eosinophils	LRPAP1	g2	0
Eosinophils	LTB	g1	0.5
Eosinophils	LTB	g2	0
Eosinophils	LTF	g1	1
Eosinophils	LTF	g2	1
Eosinophils	MFNG	g1	0.5
Eosinophils	MFNG	g2	0
Eosinophils	MLLT4	g1	0.5
Eosinophils	MLLT4	g2	0
Eosinophils	MMP9	g1	1
Eosinophils	MMP9	g2	1
Eosinophils	NAMPT	g1	0
Eosinophils	NAMPT	g2	0
Eosinophils	NOV	g1	1
Eosinophils	NOV	g2	0
Eosinophils	OSM	g1	0
Eosinophils	OSM	g2	0
Eosinophils	PDAP1	g1	2
Eosinophils	PDAP1	g2	0
Eosinophils	PF4	g1	0
Eosinophils	PF4	g2	0
Eosinophils	PLAU	g1	0
Eosinophils	PLAU	g2	1
Eosinophils	PPBP	g1	1
Eosinophils	PPBP	g2	1
Eosinophils	PSAP	g1	0
Eosinophils	PSAP	g2	1
Eosinophils	PSEN1	g1	0
Eosinophils	PSEN1	g2	0
Eosinophils	PTDSS1	g1	0.5
Eosinophils	PTDSS1	g2	0
Eosinophils	PTGS2	g1	0
Eosinophils	PTGS2	g2	0
Eosinophils	RTN4	g1	0
Eosinophils	RTN4	g2	1
Eosinophils	S100A8	g1	0
Eosinophils	S100A8	g2	1
Eosinophils	S100A9	g1	0
Eosinophils	S100A9	g2	0
Eosinophils	SELPLG	g1	0
Eosinophils	SELPLG	g2	1
Eosinophils	SEMA4A	g1	1
Eosinophils	SEMA4A	g2	0
Eosinophils	SEMA4D	g1	1
Eosinophils	SEMA4D	g2	0
Eosinophils	SEMA7A	g1	0
Eosinophils	SEMA7A	g2	0
Eosinophils	SERPINA1	g1	0
Eosinophils	SERPINA1	g2	1
Eosinophils	SERPING1	g1	0
Eosinophils	SERPING1	g2	1
Eosinophils	TCTN1	g1	0.5
Eosinophils	TCTN1	g2	0
Eosinophils	TGFA	g1	1
Eosinophils	TGFA	g2	0
Eosinophils	TGFB1	g1	1
Eosinophils	TGFB1	g2	1
Eosinophils	THBS1	g1	0
Eosinophils	THBS1	g2	0
Eosinophils	TIMP1	g1	0
Eosinophils	TIMP1	g2	0
Eosinophils	TIMP2	g1	0
Eosinophils	TIMP2	g2	0
Eosinophils	TNF	g1	0
Eosinophils	TNF	g2	1
Eosinophils	TNFSF10	g1	0
Eosinophils	TNFSF10	g2	1
Eosinophils	TNFSF12	g1	0
Eosinophils	TNFSF12	g2	1
Eosinophils	TNFSF14	g1	1
Eosinophils	TNFSF14	g2	1
Eosinophils	TNFSF18	g1	0
Eosinophils	TNFSF18	g2	0
Eosinophils	TNFSF8	g1	0.5
Eosinophils	TNFSF8	g2	0
Eosinophils	VASP	g1	0
Eosinophils	VASP	g2	1
Eosinophils	VEGFA	g1	0
Eosinophils	VEGFA	g2	0
Eosinophils	VIM	g1	0
Eosinophils	VIM	g2	1
Eosinophils	YARS	g1	1
Eosinophils	YARS	g2	1
F10	F3	g1	0
F10	F3	g2	2
F11	GP1BA	g1	0
F11	GP1BA	g2	0
F11R	Eosinophils	g1	0
F11R	Eosinophils	g2	0
F11R	Macrophage	g1	0
F11R	Macrophage	g2	0
F11R	Mast_cells	g1	0
F11R	Mast_cells	g2	0.5
F11R	NK_cells	g1	1
F11R	NK_cells	g2	1
F12	CD93	g1	0
F12	CD93	g2	0.5
F12	GP1BA	g1	0
F12	GP1BA	g2	2
F13A1	ITGA4	g1	0
F13A1	ITGA4	g2	0
F13A1	ITGA9	g1	0
F13A1	ITGA9	g2	1
F13A1	ITGB1	g1	0
F13A1	ITGB1	g2	0
F2	F2R	g1	0
F2	F2R	g2	1
F2	F2RL1	g1	0
F2	F2RL1	g2	0.5
F2	F2RL2	g1	0
F2	F2RL2	g2	0.5
F2	GP1BA	g1	0
F2	GP1BA	g2	0.5
F2	GP9	g1	0
F2	GP9	g2	0.5
F2	ITGA2B	g1	0
F2	ITGA2B	g2	0.5
F2	THBD	g1	0
F2	THBD	g2	0.5
F2R	Mast_cells	g1	1
F2R	Mast_cells	g2	0
F2R	NK_cells	g1	0
F2R	NK_cells	g2	0.5
F2RL1	Eosinophils	g1	0
F2RL1	Eosinophils	g2	0
F2RL2	Mast_cells	g1	0
F2RL2	Mast_cells	g2	0.5
F3	Macrophage	g1	0
F3	Macrophage	g2	0
F7	F3	g1	0
F7	F3	g2	0.5
F8	ASGR2	g1	0
F8	ASGR2	g2	0.5
F8	LDLR	g1	0
F8	LDLR	g2	0
F8	LRP1	g1	0
F8	LRP1	g2	0.5
F9	LRP1	g1	0
F9	LRP1	g2	0
FAS	Eosinophils	g1	1
FAS	Eosinophils	g2	0
FAS	Macrophage	g1	0
FAS	Macrophage	g2	0
FAS	Mast_cells	g1	0
FAS	Mast_cells	g2	1
FAS	NK_cells	g1	0
FAS	NK_cells	g2	0.5
FASLG	FAS	g1	1
FASLG	FAS	g2	0
FASLG	TNFRSF6B	g1	1
FASLG	TNFRSF6B	g2	0
FBLN1	ITGB1	g1	1
FBLN1	ITGB1	g2	1
FBLN2	ITGB3	g1	0
FBLN2	ITGB3	g2	2
FBN1	ITGA5	g1	0
FBN1	ITGA5	g2	2
FBN1	ITGAV	g1	0
FBN1	ITGAV	g2	0.5
FBN1	ITGB1	g1	0
FBN1	ITGB1	g2	0
FBN1	ITGB3	g1	0
FBN1	ITGB3	g2	2
FCER1A	Eosinophils	g1	0
FCER1A	Eosinophils	g2	0
FCER1A	Mast_cells	g1	0
FCER1A	Mast_cells	g2	0.5
FCER1A	NK_cells	g1	0
FCER1A	NK_cells	g2	0.5
FCN2	LRP1	g1	0
FCN2	LRP1	g2	0.5
FGA	CDH5	g1	0
FGA	CDH5	g2	0.5
FGA	ITGA2B	g1	0
FGA	ITGA2B	g2	2
FGA	ITGA5	g1	0
FGA	ITGA5	g2	1
FGA	ITGAM	g1	0
FGA	ITGAM	g2	1
FGA	ITGAV	g1	0
FGA	ITGAV	g2	1
FGA	ITGAX	g1	0
FGA	ITGAX	g2	2
FGA	ITGB1	g1	0
FGA	ITGB1	g2	0
FGA	ITGB2	g1	0
FGA	ITGB2	g2	0.5
FGA	ITGB3	g1	1
FGA	ITGB3	g2	2
FGB	ITGA2B	g1	0
FGB	ITGA2B	g2	0.5
FGB	ITGA5	g1	0
FGB	ITGA5	g2	0
FGB	ITGAM	g1	0
FGB	ITGAM	g2	0
FGB	ITGAV	g1	0
FGB	ITGAV	g2	0
FGB	ITGB1	g1	1
FGB	ITGB1	g2	1
FGB	ITGB2	g1	0
FGB	ITGB2	g2	0
FGF1	FGFR1	g1	0
FGF1	FGFR1	g2	1
FGF1	FGFR2	g1	0
FGF1	FGFR2	g2	0.5
FGF1	FGFR3	g1	0
FGF1	FGFR3	g2	0.5
FGF1	FGFR4	g1	0
FGF1	FGFR4	g2	1
FGF1	NRP1	g1	0
FGF1	NRP1	g2	0
FGF13	SCN5A	g1	0
FGF13	SCN5A	g2	0.5
FGF16	FGFR2	g1	0
FGF16	FGFR2	g2	1
FGF16	FGFR3	g1	1
FGF16	FGFR3	g2	1
FGF16	FGFR4	g1	1
FGF16	FGFR4	g2	1
FGF17	FGFR1	g1	0
FGF17	FGFR1	g2	0
FGF17	FGFR2	g1	0
FGF17	FGFR2	g2	0.5
FGF17	FGFR3	g1	0
FGF17	FGFR3	g2	0.5
FGF17	FGFR4	g1	0
FGF17	FGFR4	g2	0
FGF18	FGFR1	g1	1
FGF18	FGFR1	g2	1
FGF18	FGFR2	g1	0
FGF18	FGFR2	g2	0.5
FGF18	FGFR3	g1	0
FGF18	FGFR3	g2	0.5
FGF18	FGFR4	g1	1
FGF18	FGFR4	g2	1
FGF2	CD44	g1	0
FGF2	CD44	g2	0
FGF2	FGFR1	g1	1
FGF2	FGFR1	g2	1
FGF2	FGFR2	g1	0
FGF2	FGFR2	g2	0.5
FGF2	FGFR3	g1	0
FGF2	FGFR3	g2	0.5
FGF2	FGFR4	g1	1
FGF2	FGFR4	g2	1
FGF2	GPC4	g1	0
FGF2	GPC4	g2	0
FGF2	NRP1	g1	0
FGF2	NRP1	g2	0
FGF2	SDC1	g1	1
FGF2	SDC1	g2	0
FGF2	SDC2	g1	0
FGF2	SDC2	g2	0
FGF2	SDC4	g1	0
FGF2	SDC4	g2	0
FGF20	FGFR4	g1	1
FGF20	FGFR4	g2	1
FGF21	FGFR4	g1	0
FGF21	FGFR4	g2	0
FGF22	FGFR2	g1	0
FGF22	FGFR2	g2	1
FGF23	FGFR1	g1	0
FGF23	FGFR1	g2	0.5
FGF23	FGFR2	g1	0
FGF23	FGFR2	g2	0.3333333333333333
FGF23	FGFR3	g1	0
FGF23	FGFR3	g2	0.5
FGF23	FGFR4	g1	0
FGF23	FGFR4	g2	0
FGF23	PHEX	g1	0
FGF23	PHEX	g2	0
FGF3	FGFR1	g1	0
FGF3	FGFR1	g2	0
FGF3	FGFR2	g1	0
FGF3	FGFR2	g2	1
FGF3	FGFR3	g1	0
FGF3	FGFR3	g2	1
FGF3	FGFR4	g1	0
FGF3	FGFR4	g2	0
FGF5	FGFR1	g1	0
FGF5	FGFR1	g2	0
FGF5	FGFR2	g1	0
FGF5	FGFR2	g2	2
FGF5	FGFR3	g1	1
FGF5	FGFR3	g2	2
FGF5	FGFR4	g1	0
FGF5	FGFR4	g2	1
FGF6	FGFR1	g1	1
FGF6	FGFR1	g2	1
FGF6	FGFR2	g1	0
FGF6	FGFR2	g2	0
FGF6	FGFR3	g1	0
FGF6	FGFR3	g2	0
FGF6	FGFR4	g1	1
FGF6	FGFR4	g2	0
FGF7	FGFR1	g1	1
FGF7	FGFR1	g2	1
FGF7	FGFR2	g1	0
FGF7	FGFR2	g2	0.5
FGF7	FGFR3	g1	0
FGF7	FGFR3	g2	0.5
FGF7	FGFR4	g1	1
FGF7	FGFR4	g2	1
FGF7	NRP1	g1	0
FGF7	NRP1	g2	0
FGF8	FGFR1	g1	0
FGF8	FGFR1	g2	0
FGF8	FGFR2	g1	0
FGF8	FGFR2	g2	2
FGF8	FGFR3	g1	0
FGF8	FGFR3	g2	2
FGF8	FGFR4	g1	0
FGF8	FGFR4	g2	1
FGF9	FGFR1	g1	1
FGF9	FGFR1	g2	1
FGF9	FGFR2	g1	0
FGF9	FGFR2	g2	0.5
FGF9	FGFR3	g1	0
FGF9	FGFR3	g2	0.5
FGF9	FGFR4	g1	1
FGF9	FGFR4	g2	1
FGFR1	Macrophage	g1	1
FGFR1	Macrophage	g2	2
FGFR1	Mast_cells	g1	1
FGFR1	Mast_cells	g2	0
FGG	ITGA2B	g1	0
FGG	ITGA2B	g2	0.5
FGG	ITGA5	g1	0
FGG	ITGA5	g2	0
FGG	ITGAV	g1	0
FGG	ITGAV	g2	0
FGG	ITGB1	g1	1
FGG	ITGB1	g2	1
FGG	ITGB2	g1	0
FGG	ITGB2	g2	0
FGL1	EGFR	g1	0
FGL1	EGFR	g2	2
FIGF	FLT4	g1	0
FIGF	FLT4	g2	0.5
FIGF	ITGA9	g1	0
FIGF	ITGA9	g2	0.5
FIGF	KDR	g1	1
FIGF	KDR	g2	0
FIGF	NRP2	g1	0
FIGF	NRP2	g2	0
FLT3LG	FLT3	g1	0
FLT3LG	FLT3	g2	0
FN1	CD44	g1	1
FN1	CD44	g2	2
FN1	COL13A1	g1	1
FN1	COL13A1	g2	0
FN1	ITGA2	g1	0
FN1	ITGA2	g2	0
FN1	ITGA2B	g1	0
FN1	ITGA2B	g2	1
FN1	ITGA3	g1	1
FN1	ITGA3	g2	2
FN1	ITGA4	g1	0
FN1	ITGA4	g2	0
FN1	ITGA5	g1	0
FN1	ITGA5	g2	0.5
FN1	ITGA8	g1	0
FN1	ITGA8	g2	0
FN1	ITGA9	g1	1
FN1	ITGA9	g2	1
FN1	ITGAV	g1	0
FN1	ITGAV	g2	2
FN1	ITGB1	g1	0
FN1	ITGB1	g2	0
FN1	ITGB3	g1	1
FN1	ITGB3	g2	1
FN1	ITGB6	g1	0
FN1	ITGB6	g2	0
FN1	ITGB7	g1	0
FN1	ITGB7	g2	0
FN1	ITGB8	g1	0
FN1	ITGB8	g2	1
FN1	MAG	g1	0
FN1	MAG	g2	1
FN1	NT5E	g1	0
FN1	NT5E	g2	0
FN1	PLAUR	g1	0
FN1	PLAUR	g2	1
FN1	SDC2	g1	0
FN1	SDC2	g2	2
FN1	TMPRSS6	g1	0
FN1	TMPRSS6	g2	0
FN1	TNFRSF11B	g1	0
FN1	TNFRSF11B	g2	2
FN1	TSHR	g1	0
FN1	TSHR	g2	0
FPR1	Eosinophils	g1	0
FPR1	Eosinophils	g2	0
FPR1	Macrophage	g1	0
FPR1	Macrophage	g2	0
FPR2	Eosinophils	g1	0
FPR2	Eosinophils	g2	0
FPR3	Macrophage	g1	0
FPR3	Macrophage	g2	0.5
FPR3	Mast_cells	g1	0
FPR3	Mast_cells	g2	1
FSHB	FSHR	g1	1
FSHB	FSHR	g2	1
FZD1	Mast_cells	g1	0
FZD1	Mast_cells	g2	2
FZD3	Mast_cells	g1	1
FZD3	Mast_cells	g2	0
FZD5	Macrophage	g1	0
FZD5	Macrophage	g2	0.5
GAL	GALR1	g1	0
GAL	GALR1	g2	0
GAL	GALR2	g1	0
GAL	GALR2	g2	0
GAL	GALR3	g1	0
GAL	GALR3	g2	0
GAS6	AXL	g1	0
GAS6	AXL	g2	0.5
GAS6	MERTK	g1	1
GAS6	MERTK	g2	2
GAS6	TYRO3	g1	0
GAS6	TYRO3	g2	1
GAST	CCKBR	g1	0
GAST	CCKBR	g2	0.5
GCG	GLP1R	g1	0
GCG	GLP1R	g2	1
GCG	GLP2R	g1	0.5
GCG	GLP2R	g2	0
GDF11	ACVR1B	g1	0
GDF11	ACVR1B	g2	0
GDF11	ACVR2A	g1	0
GDF11	ACVR2A	g2	0
GDF11	ACVR2B	g1	0
GDF11	ACVR2B	g2	0
GDF2	ACVR1	g1	1
GDF2	ACVR1	g2	0
GDF2	ACVR2A	g1	1
GDF2	ACVR2A	g2	1
GDF2	ACVR2B	g1	1
GDF2	ACVR2B	g2	1
GDF2	ACVRL1	g1	2
GDF2	ACVRL1	g2	0
GDF2	BMPR2	g1	0
GDF2	BMPR2	g2	0
GDF2	ENG	g1	0
GDF2	ENG	g2	0
GDF5	ACVR1	g1	1
GDF5	ACVR1	g2	0
GDF5	ACVR2A	g1	1
GDF5	ACVR2A	g2	1
GDF5	ACVR2B	g1	1
GDF5	ACVR2B	g2	1
GDF5	BMPR1A	g1	1
GDF5	BMPR1A	g2	0
GDF5	BMPR1B	g1	1
GDF5	BMPR1B	g2	0
GDF5	BMPR2	g1	0
GDF5	BMPR2	g2	0
GDF5	ROR2	g1	0
GDF5	ROR2	g2	0
GDF9	ACVR2A	g1	1
GDF9	ACVR2A	g2	0
GDF9	BMPR1A	g1	1
GDF9	BMPR1A	g2	1
GDF9	BMPR1B	g1	1
GDF9	BMPR1B	g2	1
GDF9	BMPR2	g1	0
GDF9	BMPR2	g2	0
GDF9	FXYD6	g1	0
GDF9	FXYD6	g2	0
GDF9	ORAI2	g1	1
GDF9	ORAI2	g2	0
GDF9	TGFBR1	g1	1
GDF9	TGFBR1	g2	0
GDNF	GFRA1	g1	1
GDNF	GFRA1	g2	1
GDNF	GFRA2	g1	1
GDNF	GFRA2	g2	1
GDNF	RET	g1	0
GDNF	RET	g2	0.5
GH1	GHR	g1	0
GH1	GHR	g2	0.5
GH1	PRLR	g1	1
GH1	PRLR	g2	2
GH2	GHR	g1	1
GH2	GHR	g2	0
GHRH	GHRHR	g1	0
GHRH	GHRHR	g2	0
GHRH	VIPR1	g1	0
GHRH	VIPR1	g2	0
GIP	DPP4	g1	0.5
GIP	DPP4	g2	0
GIP	GIPR	g1	0
GIP	GIPR	g2	0
GIPR	NK_cells	g1	1
GIPR	NK_cells	g2	1
GNAI2	ADCY1	g1	0
GNAI2	ADCY1	g2	0
GNAI2	ADORA1	g1	1
GNAI2	ADORA1	g2	1
GNAI2	ADRA2A	g1	0
GNAI2	ADRA2A	g2	0
GNAI2	ADRA2B	g1	1
GNAI2	ADRA2B	g2	0
GNAI2	AGTR2	g1	0
GNAI2	AGTR2	g2	0
GNAI2	C5AR1	g1	1
GNAI2	C5AR1	g2	1
GNAI2	CAV1	g1	0
GNAI2	CAV1	g2	0
GNAI2	CCR5	g1	1
GNAI2	CCR5	g2	2
GNAI2	CNR1	g1	0
GNAI2	CNR1	g2	0
GNAI2	CXCR1	g1	1
GNAI2	CXCR1	g2	1
GNAI2	CXCR2	g1	1
GNAI2	CXCR2	g2	1
GNAI2	DRD2	g1	1
GNAI2	DRD2	g2	0
GNAI2	EDNRA	g1	0
GNAI2	EDNRA	g2	0
GNAI2	EGFR	g1	1
GNAI2	EGFR	g2	1
GNAI2	F2R	g1	0
GNAI2	F2R	g2	0.5
GNAI2	FPR1	g1	1
GNAI2	FPR1	g2	1
GNAI2	IGF1R	g1	1
GNAI2	IGF1R	g2	1
GNAI2	LHCGR	g1	0
GNAI2	LHCGR	g2	0
GNAI2	LPAR3	g1	0
GNAI2	LPAR3	g2	0
GNAI2	MTNR1A	g1	0
GNAI2	MTNR1A	g2	0
GNAI2	MTNR1B	g1	0
GNAI2	MTNR1B	g2	0
GNAI2	OPRD1	g1	1
GNAI2	OPRD1	g2	1
GNAI2	OPRM1	g1	0
GNAI2	OPRM1	g2	1
GNAI2	PTPRU	g1	0
GNAI2	PTPRU	g2	0
GNAI2	TBXA2R	g1	0
GNAI2	TBXA2R	g2	0
GNAI2	TSHR	g1	0
GNAI2	TSHR	g2	0
GNAS	ADORA1	g1	0
GNAS	ADORA1	g2	0
GNAS	ADRB3	g1	0
GNAS	ADRB3	g2	0
GNAS	AVPR2	g1	1
GNAS	AVPR2	g2	0
GNAS	CRHR1	g1	1
GNAS	CRHR1	g2	0
GNAS	LHCGR	g1	1
GNAS	LHCGR	g2	0
GNAS	PTGDR	g1	1
GNAS	PTGDR	g2	0
GNAS	PTGIR	g1	0
GNAS	PTGIR	g2	0
GNAS	TSHR	g1	2
GNAS	TSHR	g2	0
GNAS	VIPR1	g1	2
GNAS	VIPR1	g2	0
GNB3	TGFBR1	g1	0
GNB3	TGFBR1	g2	0
GNRH1	GNRHR	g1	0
GNRH1	GNRHR	g2	1
GNRH2	GNRHR	g1	1
GNRH2	GNRHR	g2	2
GP9	Eosinophils	g1	0
GP9	Eosinophils	g2	0
GPC3	CD81	g1	0
GPC3	CD81	g2	0
GPC3	IGF1R	g1	0
GPC3	IGF1R	g2	0
GPC4	Macrophage	g1	0
GPC4	Macrophage	g2	0.5
GPI	AMFR	g1	0
GPI	AMFR	g2	1
GPR56	NK_cells	g1	0
GPR56	NK_cells	g2	0.5
GRP	GRPR	g1	1
GRP	GRPR	g2	0
GRP	NMBR	g1	0
GRP	NMBR	g2	2
GSTP1	TRAF2	g1	1
GSTP1	TRAF2	g2	2
GUCA2A	GUCY2C	g1	0
GUCA2A	GUCY2C	g2	0.5
GUCA2B	GUCY2C	g1	1
GUCA2B	GUCY2C	g2	0
GUCA2B	GUCY2D	g1	2
GUCA2B	GUCY2D	g2	0
GZMB	IGF2R	g1	0
GZMB	IGF2R	g2	0.5
HAS2	CD44	g1	0
HAS2	CD44	g2	1
HAS2	HMMR	g1	0
HAS2	HMMR	g2	0
HBEGF	CD44	g1	0
HBEGF	CD44	g2	2
HBEGF	CD82	g1	0
HBEGF	CD82	g2	0
HBEGF	CD9	g1	0
HBEGF	CD9	g2	0.5
HBEGF	EGFR	g1	1
HBEGF	EGFR	g2	1
HBEGF	ERBB2	g1	0
HBEGF	ERBB2	g2	0
HBEGF	ERBB4	g1	0
HBEGF	ERBB4	g2	0
HCRT	HCRTR1	g1	1
HCRT	HCRTR1	g2	0
HCRT	HCRTR2	g1	1
HCRT	HCRTR2	g2	2
HEBP1	FPR3	g1	0
HEBP1	FPR3	g2	2
HGF	CD44	g1	0
HGF	CD44	g2	0.5
HGF	MET	g1	0
HGF	MET	g2	0.5
HGF	SDC1	g1	0
HGF	SDC1	g2	1
HGF	SDC2	g1	0
HGF	SDC2	g2	0.5
HGF	ST14	g1	0
HGF	ST14	g2	0.5
HLA-A	APLP2	g1	1
HLA-A	APLP2	g2	1
HLA-A	ERBB2	g1	0.5
HLA-A	ERBB2	g2	0
HLA-A	KIR3DL1	g1	1
HLA-A	KIR3DL1	g2	1
HLA-A	KIR3DL2	g1	0
HLA-A	KIR3DL2	g2	1
HLA-A	LILRB1	g1	0
HLA-A	LILRB1	g2	1
HLA-A	LILRB2	g1	1
HLA-A	LILRB2	g2	1
HLA-B	CANX	g1	0
HLA-B	CANX	g2	0.5
HLA-B	KIR3DL1	g1	0
HLA-B	KIR3DL1	g2	0.5
HLA-B	KLRD1	g1	0
HLA-B	KLRD1	g2	0.5
HLA-B	LILRB1	g1	0
HLA-B	LILRB1	g2	2
HLA-B	LILRB2	g1	0
HLA-B	LILRB2	g2	2
HLA-C	KIR2DL1	g1	1
HLA-C	KIR2DL1	g2	1
HLA-C	KIR2DL3	g1	0
HLA-C	KIR2DL3	g2	0
HLA-C	KIR2DS4	g1	0
HLA-C	KIR2DS4	g2	1
HLA-C	LILRA3	g1	0
HLA-C	LILRA3	g2	2
HLA-C	LILRB1	g1	1
HLA-C	LILRB1	g2	2
HLA-C	LILRB2	g1	0
HLA-C	LILRB2	g2	2
HLA-DRB1	LAG3	g1	1
HLA-DRB1	LAG3	g2	0
HLA-E	KLRD1	g1	0
HLA-E	KLRD1	g2	0.5
HLA-F	Eosinophils	g1	0
HLA-F	Eosinophils	g2	1
HLA-F	Macrophage	g1	0
HLA-F	Macrophage	g2	0.5
HLA-F	NK_cells	g1	0
HLA-F	NK_cells	g2	2
HLA-G	KIR2DL4	g1	1
HLA-G	KIR2DL4	g2	1
HLA-G	KLRD1	g1	1
HLA-G	KLRD1	g2	1
HLA-G	LILRB1	g1	0
HLA-G	LILRB1	g2	0
HLA-G	LILRB2	g1	0
HLA-G	LILRB2	g2	0
HMMR	Macrophage	g1	1
HMMR	Macrophage	g2	0
HMMR	Mast_cells	g1	1
HMMR	Mast_cells	g2	1
HP	ITGAM	g1	1
HP	ITGAM	g2	2
HP	ITGB2	g1	0
HP	ITGB2	g2	2
HRAS	AGTR1	g1	1
HRAS	AGTR1	g2	1
HRAS	CAV1	g1	1
HRAS	CAV1	g2	0
HRAS	GRIN2D	g1	0
HRAS	GRIN2D	g2	0
HRAS	INSR	g1	0
HRAS	INSR	g2	0
HRAS	TLR2	g1	0
HRAS	TLR2	g2	0
HRH4	Mast_cells	g1	0
HRH4	Mast_cells	g2	0.5
HSP90AA1	CFTR	g1	1
HSP90AA1	CFTR	g2	1
HSP90AA1	EGFR	g1	0
HSP90AA1	EGFR	g2	0
HSP90AA1	FGFR3	g1	0
HSP90AA1	FGFR3	g2	0
HSPG2	COL13A1	g1	0
HSPG2	COL13A1	g2	1
HSPG2	ITGA2	g1	0
HSPG2	ITGA2	g2	0.5
HSPG2	ITGB1	g1	0
HSPG2	ITGB1	g2	0
HSPG2	PTPRS	g1	0
HSPG2	PTPRS	g2	0.3333333333333333
HTR2A	Mast_cells	g1	1
HTR2A	Mast_cells	g2	0
IAPP	CALCR	g1	2
IAPP	CALCR	g2	0
IAPP	RAMP1	g1	0
IAPP	RAMP1	g2	0
IAPP	RAMP2	g1	1
IAPP	RAMP2	g2	0
ICAM1	EGFR	g1	0
ICAM1	EGFR	g2	0.5
ICAM1	IL2RA	g1	0
ICAM1	IL2RA	g2	1
ICAM1	IL2RG	g1	0
ICAM1	IL2RG	g2	2
ICAM1	ITGAL	g1	0
ICAM1	ITGAL	g2	0.5
ICAM1	ITGAM	g1	0
ICAM1	ITGAM	g2	2
ICAM1	ITGAX	g1	0
ICAM1	ITGAX	g2	0.5
ICAM1	ITGB2	g1	0
ICAM1	ITGB2	g2	3
ICAM2	ITGAL	g1	1
ICAM2	ITGAL	g2	0
ICAM2	ITGAM	g1	0
ICAM2	ITGAM	g2	0
ICAM2	ITGB2	g1	0
ICAM2	ITGB2	g2	1
ICAM3	CLEC4M	g1	0
ICAM3	CLEC4M	g2	0.5
ICAM3	ITGAL	g1	0
ICAM3	ITGAL	g2	0
ICAM3	ITGB2	g1	0
ICAM3	ITGB2	g2	0.5
ICAM4	ITGA2B	g1	0
ICAM4	ITGA2B	g2	1
ICAM4	ITGA4	g1	1
ICAM4	ITGA4	g2	1
ICAM4	ITGAL	g1	1
ICAM4	ITGAL	g2	0
ICAM4	ITGAM	g1	0
ICAM4	ITGAM	g2	0
ICAM4	ITGAV	g1	0
ICAM4	ITGAV	g2	0
ICAM4	ITGB1	g1	1
ICAM4	ITGB1	g2	0
ICAM4	ITGB2	g1	0
ICAM4	ITGB2	g2	0
ICAM4	ITGB3	g1	0
ICAM4	ITGB3	g2	1
ICAM4	RHAG	g1	0
ICAM4	RHAG	g2	1
ICAM5	ITGAL	g1	0
ICAM5	ITGAL	g2	0
ICAM5	ITGB2	g1	0
ICAM5	ITGB2	g2	0.5
IFNA1	IFNAR1	g1	0
IFNA1	IFNAR1	g2	0.5
IFNA1	IFNAR2	g1	0
IFNA1	IFNAR2	g2	0
IFNA10	IFNAR1	g1	0
IFNA10	IFNAR1	g2	1
IFNA10	IFNAR2	g1	0
IFNA10	IFNAR2	g2	0
IFNA16	IFNAR1	g1	0
IFNA16	IFNAR1	g2	0.5
IFNA16	IFNAR2	g1	0
IFNA16	IFNAR2	g2	0
IFNA2	IFNAR1	g1	1
IFNA2	IFNAR1	g2	1
IFNA2	IFNAR2	g1	1
IFNA2	IFNAR2	g2	1
IFNA21	IFNAR1	g1	0
IFNA21	IFNAR1	g2	1
IFNA21	IFNAR2	g1	0
IFNA21	IFNAR2	g2	0
IFNA5	IFNAR1	g1	0
IFNA5	IFNAR1	g2	0
IFNA5	IFNAR2	g1	0.5
IFNA5	IFNAR2	g2	0
IFNA6	IFNAR1	g1	0
IFNA6	IFNAR1	g2	2
IFNA6	IFNAR2	g1	0
IFNA6	IFNAR2	g2	0
IFNA8	IFNAR1	g1	1
IFNA8	IFNAR1	g2	2
IFNA8	IFNAR2	g1	1
IFNA8	IFNAR2	g2	0
IFNAR1	Eosinophils	g1	1
IFNAR1	Eosinophils	g2	0
IFNAR1	Macrophage	g1	0
IFNAR1	Macrophage	g2	0
IFNAR1	Mast_cells	g1	0
IFNAR1	Mast_cells	g2	0.5
IFNAR1	NK_cells	g1	0
IFNAR1	NK_cells	g2	1
IFNAR2	Eosinophils	g1	2
IFNAR2	Eosinophils	g2	1
IFNAR2	Macrophage	g1	0
IFNAR2	Macrophage	g2	1
IFNAR2	Mast_cells	g1	0
IFNAR2	Mast_cells	g2	0
IFNAR2	NK_cells	g1	0
IFNAR2	NK_cells	g2	1
IFNB1	IFNAR1	g1	0
IFNB1	IFNAR1	g2	0
IFNB1	IFNAR2	g1	0.5
IFNB1	IFNAR2	g2	0
IFNG	IFNGR1	g1	0
IFNG	IFNGR1	g2	0
IFNG	IFNGR2	g1	0
IFNG	IFNGR2	g2	0
IFNGR1	Eosinophils	g1	0
IFNGR1	Eosinophils	g2	0
IFNGR1	Macrophage	g1	0
IFNGR1	Macrophage	g2	0
IFNGR1	Mast_cells	g1	0
IFNGR1	Mast_cells	g2	0.5
IFNGR1	NK_cells	g1	1
IFNGR1	NK_cells	g2	1
IFNGR2	Eosinophils	g1	1
IFNGR2	Eosinophils	g2	0
IFNGR2	Macrophage	g1	0
IFNGR2	Macrophage	g2	0
IFNGR2	Mast_cells	g1	0
IFNGR2	Mast_cells	g2	0.5
IFNGR2	NK_cells	g1	0
IFNGR2	NK_cells	g2	1
IFNW1	IFNAR1	g1	0
IFNW1	IFNAR1	g2	2
IFNW1	IFNAR2	g1	0
IFNW1	IFNAR2	g2	0
IGF1	IGF1R	g1	0
IGF1	IGF1R	g2	0.5
IGF1R	Eosinophils	g1	0
IGF1R	Eosinophils	g2	0
IGF1R	NK_cells	g1	1
IGF1R	NK_cells	g2	1
IGF2R	Eosinophils	g1	0
IGF2R	Eosinophils	g2	1
IGF2R	Macrophage	g1	0
IGF2R	Macrophage	g2	0.5
IGF2R	Mast_cells	g1	0
IGF2R	Mast_cells	g2	1
IGF2R	NK_cells	g1	1
IGF2R	NK_cells	g2	2
IGFBP4	FZD8	g1	0
IGFBP4	FZD8	g2	1
IGFBP4	LRP6	g1	0
IGFBP4	LRP6	g2	0
IHH	CDON	g1	0
IHH	CDON	g2	0
IHH	PTCH1	g1	1
IHH	PTCH1	g2	0
IHH	PTCH2	g1	0
IHH	PTCH2	g2	1
IL10	IL10RA	g1	0
IL10	IL10RA	g2	1
IL10	IL10RB	g1	0
IL10	IL10RB	g2	1
IL10RA	Eosinophils	g1	1
IL10RA	Eosinophils	g2	1
IL10RA	Macrophage	g1	0
IL10RA	Macrophage	g2	0.5
IL10RA	NK_cells	g1	0
IL10RA	NK_cells	g2	2
IL10RB	Eosinophils	g1	0
IL10RB	Eosinophils	g2	1
IL10RB	Macrophage	g1	0
IL10RB	Macrophage	g2	0.5
IL10RB	Mast_cells	g1	0
IL10RB	Mast_cells	g2	1
IL11	IL11RA	g1	1
IL11	IL11RA	g2	0
IL11	IL6ST	g1	1
IL11	IL6ST	g2	0
IL12A	CD28	g1	2
IL12A	CD28	g2	0
IL12A	IL12RB1	g1	1
IL12A	IL12RB1	g2	0
IL12A	IL12RB2	g1	1
IL12A	IL12RB2	g2	1
IL12B	IL12RB1	g1	0
IL12B	IL12RB1	g2	0
IL12B	IL12RB2	g1	0
IL12B	IL12RB2	g2	0
IL12RB1	NK_cells	g1	0
IL12RB1	NK_cells	g2	1
IL13	IL13RA1	g1	0
IL13	IL13RA1	g2	0
IL13	IL13RA2	g1	1
IL13	IL13RA2	g2	0
IL13	IL2RG	g1	1
IL13	IL2RG	g2	0
IL13	IL4R	g1	1
IL13	IL4R	g2	0
IL13RA1	Eosinophils	g1	0
IL13RA1	Eosinophils	g2	0
IL13RA1	Macrophage	g1	0
IL13RA1	Macrophage	g2	0
IL15	IL15RA	g1	1
IL15	IL15RA	g2	2
IL15	IL2RA	g1	1
IL15	IL2RA	g2	1
IL15	IL2RB	g1	0
IL15	IL2RB	g2	0.5
IL15	IL2RG	g1	0
IL15	IL2RG	g2	1
IL15RA	NK_cells	g1	0
IL15RA	NK_cells	g2	2
IL16	CD4	g1	0
IL16	CD4	g2	0
IL16	GRIN2C	g1	0.5
IL16	GRIN2C	g2	0
IL16	GRIN2D	g1	0
IL16	GRIN2D	g2	1
IL16	KCNA3	g1	2
IL16	KCNA3	g2	0
IL16	KCND1	g1	0
IL16	KCND1	g2	0
IL16	KCND2	g1	1
IL16	KCND2	g2	0
IL16	KCNJ10	g1	1
IL16	KCNJ10	g2	0
IL16	KCNJ15	g1	0
IL16	KCNJ15	g2	0
IL16	KCNJ4	g1	0.5
IL16	KCNJ4	g2	0
IL17A	IL17RA	g1	0
IL17A	IL17RA	g2	0
IL17A	IL17RC	g1	0
IL17A	IL17RC	g2	0
IL17B	IL17RB	g1	0
IL17B	IL17RB	g2	1
IL17RA	Eosinophils	g1	0
IL17RA	Eosinophils	g2	1
IL17RA	Macrophage	g1	0
IL17RA	Macrophage	g2	0.5
IL17RA	Mast_cells	g1	0
IL17RA	Mast_cells	g2	1
IL17RA	NK_cells	g1	1
IL17RA	NK_cells	g2	2
IL17RC	Macrophage	g1	0
IL17RC	Macrophage	g2	0.5
IL18	IL18R1	g1	1
IL18	IL18R1	g2	1
IL18	IL18RAP	g1	1
IL18	IL18RAP	g2	2
IL18	IL1RAPL1	g1	0
IL18	IL1RAPL1	g2	0
IL18	IL1RL2	g1	1
IL18	IL1RL2	g2	2
IL18R1	Eosinophils	g1	0
IL18R1	Eosinophils	g2	0
IL18R1	Mast_cells	g1	0
IL18R1	Mast_cells	g2	0.5
IL18R1	NK_cells	g1	1
IL18R1	NK_cells	g2	1
IL18RAP	Eosinophils	g1	0
IL18RAP	Eosinophils	g2	1
IL18RAP	Mast_cells	g1	0
IL18RAP	Mast_cells	g2	1
IL18RAP	NK_cells	g1	1
IL18RAP	NK_cells	g2	2
IL19	IL20RA	g1	1
IL19	IL20RA	g2	2
IL1A	IL1R1	g1	0
IL1A	IL1R1	g2	2
IL1A	IL1R2	g1	0
IL1A	IL1R2	g2	3
IL1A	IL1RAP	g1	0
IL1A	IL1RAP	g2	3
IL1B	ADRB2	g1	1
IL1B	ADRB2	g2	1
IL1B	IL1R1	g1	1
IL1B	IL1R1	g2	2
IL1B	IL1R2	g1	0
IL1B	IL1R2	g2	2
IL1B	IL1RAP	g1	0
IL1B	IL1RAP	g2	2
IL1R1	Eosinophils	g1	0
IL1R1	Eosinophils	g2	0
IL1R2	Eosinophils	g1	0
IL1R2	Eosinophils	g2	0
IL1RAP	Eosinophils	g1	0
IL1RAP	Eosinophils	g2	0
IL1RAP	Mast_cells	g1	0
IL1RAP	Mast_cells	g2	0.5
IL1RN	IL1R1	g1	1
IL1RN	IL1R1	g2	1
IL1RN	IL1R2	g1	0
IL1RN	IL1R2	g2	0.5
IL2	CD53	g1	1
IL2	CD53	g2	0
IL2	IL2RA	g1	0.5
IL2	IL2RA	g2	0
IL2	IL2RB	g1	1
IL2	IL2RB	g2	0
IL2	IL2RG	g1	1
IL2	IL2RG	g2	0
IL2	NGFR	g1	0.5
IL2	NGFR	g2	0
IL21	IL21R	g1	1
IL21	IL21R	g2	0
IL21	IL2RG	g1	1
IL21	IL2RG	g2	0
IL21R	Eosinophils	g1	0.5
IL21R	Eosinophils	g2	0
IL21R	Macrophage	g1	1
IL21R	Macrophage	g2	1
IL21R	NK_cells	g1	0
IL21R	NK_cells	g2	0
IL22	IL10RA	g1	0
IL22	IL10RA	g2	0
IL22	IL10RB	g1	0
IL22	IL10RB	g2	0
IL22	IL22RA1	g1	1
IL22	IL22RA1	g2	2
IL23A	IL12RB1	g1	1
IL23A	IL12RB1	g2	0
IL24	IL20RA	g1	1
IL24	IL20RA	g2	1
IL24	IL22RA1	g1	1
IL24	IL22RA1	g2	1
IL25	IL17RB	g1	2
IL25	IL17RB	g2	0
IL27RA	Macrophage	g1	0
IL27RA	Macrophage	g2	2
IL27RA	Mast_cells	g1	0
IL27RA	Mast_cells	g2	0
IL27RA	NK_cells	g1	0
IL27RA	NK_cells	g2	0.5
IL2RA	Eosinophils	g1	2
IL2RA	Eosinophils	g2	1
IL2RA	Macrophage	g1	0
IL2RA	Macrophage	g2	1
IL2RA	Mast_cells	g1	0
IL2RA	Mast_cells	g2	0
IL2RA	NK_cells	g1	0
IL2RA	NK_cells	g2	1
IL2RB	Eosinophils	g1	1
IL2RB	Eosinophils	g2	1
IL2RB	NK_cells	g1	0
IL2RB	NK_cells	g2	0.5
IL2RG	Eosinophils	g1	0
IL2RG	Eosinophils	g2	1
IL2RG	Macrophage	g1	1
IL2RG	Macrophage	g2	1
IL2RG	Mast_cells	g1	1
IL2RG	Mast_cells	g2	1
IL2RG	NK_cells	g1	0
IL2RG	NK_cells	g2	1
IL4	CD53	g1	1
IL4	CD53	g2	0
IL4	IL13RA1	g1	0
IL4	IL13RA1	g2	0
IL4	IL13RA2	g1	1
IL4	IL13RA2	g2	0
IL4	IL2RG	g1	1
IL4	IL2RG	g2	1
IL4	IL4R	g1	1
IL4	IL4R	g2	0
IL4R	Eosinophils	g1	1
IL4R	Eosinophils	g2	0
IL4R	Macrophage	g1	0
IL4R	Macrophage	g2	1
IL4R	Mast_cells	g1	0
IL4R	Mast_cells	g2	0
IL4R	NK_cells	g1	0
IL4R	NK_cells	g2	0
IL5	IL5RA	g1	0
IL5	IL5RA	g2	2
IL5RA	Mast_cells	g1	0
IL5RA	Mast_cells	g2	0.5
IL5RA	NK_cells	g1	0
IL5RA	NK_cells	g2	1
IL6	IL6R	g1	1
IL6	IL6R	g2	2
IL6	IL6ST	g1	0
IL6	IL6ST	g2	0
IL6R	Eosinophils	g1	1
IL6R	Eosinophils	g2	0
IL6R	Macrophage	g1	0
IL6R	Macrophage	g2	0
IL6R	Mast_cells	g1	0
IL6R	Mast_cells	g2	0.5
IL6R	NK_cells	g1	0
IL6R	NK_cells	g2	1
IL6ST	Eosinophils	g1	0.5
IL6ST	Eosinophils	g2	0
IL6ST	Macrophage	g1	1
IL6ST	Macrophage	g2	0
IL6ST	Mast_cells	g1	1
IL6ST	Mast_cells	g2	1
IL6ST	NK_cells	g1	0
IL6ST	NK_cells	g2	0
IL7	IL2RG	g1	1
IL7	IL2RG	g2	0
IL7	IL7R	g1	1
IL7	IL7R	g2	0
IL7R	Eosinophils	g1	0.5
IL7R	Eosinophils	g2	0
IL7R	Macrophage	g1	1
IL7R	Macrophage	g2	0
IL7R	NK_cells	g1	0
IL7R	NK_cells	g2	0
IL8	CXCR1	g1	1
IL8	CXCR1	g2	2
IL8	CXCR2	g1	1
IL8	CXCR2	g2	2
IL8	DARC	g1	0
IL8	DARC	g2	2
IL8	SDC1	g1	0
IL8	SDC1	g2	0
IL8	SDC2	g1	1
IL8	SDC2	g2	1
IL9	IL2RG	g1	1
IL9	IL2RG	g2	1
INHA	ACVR2A	g1	1
INHA	ACVR2A	g2	1
INHA	TGFBR3	g1	1
INHA	TGFBR3	g2	1
INHBA	ACVR1	g1	0
INHBA	ACVR1	g2	0.5
INHBA	ACVR1B	g1	1
INHBA	ACVR1B	g2	2
INHBA	ACVR2A	g1	0
INHBA	ACVR2A	g2	0.5
INHBA	ACVR2B	g1	0
INHBA	ACVR2B	g2	0.5
INHBA	BAMBI	g1	0
INHBA	BAMBI	g2	2
INHBA	ENG	g1	0
INHBA	ENG	g2	1
INHBA	TGFBR3	g1	0
INHBA	TGFBR3	g2	0
INHBB	ACVR1	g1	0
INHBB	ACVR1	g2	0.5
INHBB	ACVR1B	g1	1
INHBB	ACVR1B	g2	2
INHBB	ACVR2A	g1	0
INHBB	ACVR2A	g2	0.5
INHBB	ACVR2B	g1	0
INHBB	ACVR2B	g2	0.5
INHBC	ACVR1	g1	0
INHBC	ACVR1	g2	0
INHBC	ACVR1B	g1	0
INHBC	ACVR1B	g2	0.5
INHBC	ACVR2A	g1	1
INHBC	ACVR2A	g2	2
INHBC	ACVR2B	g1	1
INHBC	ACVR2B	g2	2
INS	IGF1R	g1	0
INS	IGF1R	g2	2
INS	INSR	g1	1
INS	INSR	g2	1
INS	LRP2	g1	0
INS	LRP2	g2	0.5
INSL5	RXFP3	g1	0
INSL5	RXFP3	g2	1
INSR	Mast_cells	g1	0
INSR	Mast_cells	g2	1
ITGA2B	Eosinophils	g1	0
ITGA2B	Eosinophils	g2	0
ITGA2B	Mast_cells	g1	0
ITGA2B	Mast_cells	g2	0.5
ITGA3	Macrophage	g1	0
ITGA3	Macrophage	g2	0.5
ITGA3	Mast_cells	g1	0
ITGA3	Mast_cells	g2	1
ITGA4	Eosinophils	g1	0.5
ITGA4	Eosinophils	g2	0
ITGA4	Macrophage	g1	1
ITGA4	Macrophage	g2	0
ITGA4	Mast_cells	g1	1
ITGA4	Mast_cells	g2	0
ITGA4	NK_cells	g1	0
ITGA4	NK_cells	g2	0
ITGA5	Eosinophils	g1	1
ITGA5	Eosinophils	g2	0
ITGA5	Macrophage	g1	0
ITGA5	Macrophage	g2	0
ITGA5	Mast_cells	g1	0
ITGA5	Mast_cells	g2	1
ITGA5	NK_cells	g1	0
ITGA5	NK_cells	g2	0.5
ITGA6	Macrophage	g1	1
ITGA6	Macrophage	g2	0
ITGA6	NK_cells	g1	0
ITGA6	NK_cells	g2	0
ITGA9	Mast_cells	g1	0
ITGA9	Mast_cells	g2	0.5
ITGAE	Macrophage	g1	1
ITGAE	Macrophage	g2	0
ITGAL	Eosinophils	g1	1
ITGAL	Eosinophils	g2	1
ITGAL	Macrophage	g1	0
ITGAL	Macrophage	g2	2
ITGAL	NK_cells	g1	0
ITGAL	NK_cells	g2	0.5
ITGAM	Eosinophils	g1	0
ITGAM	Eosinophils	g2	1
ITGAM	Macrophage	g1	0
ITGAM	Macrophage	g2	0.5
ITGAM	Mast_cells	g1	0
ITGAM	Mast_cells	g2	1
ITGAM	NK_cells	g1	1
ITGAM	NK_cells	g2	2
ITGAV	Macrophage	g1	0
ITGAV	Macrophage	g2	0.5
ITGAV	Mast_cells	g1	0
ITGAV	Mast_cells	g2	1
ITGAV	NK_cells	g1	1
ITGAV	NK_cells	g2	2
ITGAX	Eosinophils	g1	0
ITGAX	Eosinophils	g2	0
ITGAX	Macrophage	g1	0
ITGAX	Macrophage	g2	0
ITGAX	Mast_cells	g1	0
ITGAX	Mast_cells	g2	0.5
ITGAX	NK_cells	g1	1
ITGAX	NK_cells	g2	1
ITGB1	Eosinophils	g1	0.5
ITGB1	Eosinophils	g2	0
ITGB1	Macrophage	g1	1
ITGB1	Macrophage	g2	1
ITGB1	Mast_cells	g1	1
ITGB1	Mast_cells	g2	0
ITGB1	NK_cells	g1	0
ITGB1	NK_cells	g2	0
ITGB2	Eosinophils	g1	0
ITGB2	Eosinophils	g2	1
ITGB2	Macrophage	g1	0
ITGB2	Macrophage	g2	0.5
ITGB2	NK_cells	g1	0
ITGB2	NK_cells	g2	2
ITGB3	Macrophage	g1	0
ITGB3	Macrophage	g2	0
ITGB3BP	ITGB3	g1	0
ITGB3BP	ITGB3	g2	0
ITGB3BP	ITGB5	g1	0
ITGB3BP	ITGB5	g2	0
ITGB4	Eosinophils	g1	1
ITGB4	Eosinophils	g2	0
ITGB5	Macrophage	g1	0
ITGB5	Macrophage	g2	0.5
ITGB7	Eosinophils	g1	0.5
ITGB7	Eosinophils	g2	0
ITGB7	NK_cells	g1	0
ITGB7	NK_cells	g2	0
ITIH2	FCER1A	g1	0
ITIH2	FCER1A	g2	0.5
JAG1	NOTCH1	g1	0
JAG1	NOTCH1	g2	2
JAG1	NOTCH2	g1	0
JAG1	NOTCH2	g2	2
JAG1	NOTCH3	g1	0
JAG1	NOTCH3	g2	1
JAG1	NOTCH4	g1	0
JAG1	NOTCH4	g2	0.5
JAG2	NOTCH1	g1	0
JAG2	NOTCH1	g2	0.5
JAG2	NOTCH2	g1	0
JAG2	NOTCH2	g2	0.5
JAG2	NOTCH3	g1	0
JAG2	NOTCH3	g2	2
JMJD6	Eosinophils	g1	0
JMJD6	Eosinophils	g2	0
JMJD6	Macrophage	g1	0
JMJD6	Macrophage	g2	0
JMJD6	Mast_cells	g1	0
JMJD6	Mast_cells	g2	0.5
JMJD6	NK_cells	g1	0
JMJD6	NK_cells	g2	0.5
KAL1	FGFR1	g1	1
KAL1	FGFR1	g2	1
KAL1	SDC2	g1	0
KAL1	SDC2	g2	0
KCNA3	Eosinophils	g1	0.5
KCNA3	Eosinophils	g2	0
KCNA3	NK_cells	g1	0
KCNA3	NK_cells	g2	0
KCNJ15	Eosinophils	g1	0
KCNJ15	Eosinophils	g2	0
KIR2DL1	NK_cells	g1	0
KIR2DL1	NK_cells	g2	1
KIR2DL3	NK_cells	g1	0
KIR2DL3	NK_cells	g2	0
KIR2DS4	NK_cells	g1	0
KIR2DS4	NK_cells	g2	1
KISS1	MMP24	g1	1
KISS1	MMP24	g2	1
KIT	Mast_cells	g1	0
KIT	Mast_cells	g2	0.5
KITLG	EPOR	g1	0
KITLG	EPOR	g2	0.5
KITLG	KIT	g1	0
KITLG	KIT	g2	0.5
KLK3	EPOR	g1	0
KLK3	EPOR	g2	0
KLRD1	NK_cells	g1	0
KLRD1	NK_cells	g2	0.5
KLRK1	NK_cells	g1	0
KLRK1	NK_cells	g2	1
KNG1	BDKRB1	g1	0
KNG1	BDKRB1	g2	0
KNG1	BDKRB2	g1	1
KNG1	BDKRB2	g2	1
KNG1	CD93	g1	0
KNG1	CD93	g2	2
KNG1	GP1BA	g1	0
KNG1	GP1BA	g2	1
KNG1	GPR135	g1	0
KNG1	GPR135	g2	0
KNG1	ITGB2	g1	0
KNG1	ITGB2	g2	2
KNG1	PLAUR	g1	0
KNG1	PLAUR	g2	1
L1CAM	CNTN1	g1	0
L1CAM	CNTN1	g2	0.5
L1CAM	EGFR	g1	1
L1CAM	EGFR	g2	2
L1CAM	ERBB2	g1	0
L1CAM	ERBB2	g2	0
L1CAM	ERBB3	g1	0
L1CAM	ERBB3	g2	0.5
L1CAM	ITGA5	g1	0
L1CAM	ITGA5	g2	1
L1CAM	ITGAV	g1	1
L1CAM	ITGAV	g2	1
LAG3	Macrophage	g1	1
LAG3	Macrophage	g2	2
LAMA2	ITGA7	g1	1
LAMA2	ITGA7	g2	0
LAMA2	ITGB1	g1	1
LAMA2	ITGB1	g2	0
LAMA3	SDC2	g1	0
LAMA3	SDC2	g2	1
LAMA5	BCAM	g1	0
LAMA5	BCAM	g2	0
LAMB1	ITGA6	g1	2
LAMB1	ITGA6	g2	1
LAMB1	ITGB1	g1	2
LAMB1	ITGB1	g2	0
LAMC2	ITGA3	g1	0
LAMC2	ITGA3	g2	0
LAMC2	ITGA6	g1	1
LAMC2	ITGA6	g2	0
LAMC2	ITGB1	g1	1
LAMC2	ITGB1	g2	1
LAMC2	ITGB4	g1	0
LAMC2	ITGB4	g2	0
LAMP1	Eosinophils	g1	1
LAMP1	Eosinophils	g2	1
LAMP1	Macrophage	g1	0
LAMP1	Macrophage	g2	0.5
LAMP1	Mast_cells	g1	0
LAMP1	Mast_cells	g2	1
LAMP1	NK_cells	g1	0
LAMP1	NK_cells	g2	2
LCN1	LMBR1L	g1	0.5
LCN1	LMBR1L	g2	0
LCN2	LRP2	g1	0
LCN2	LRP2	g2	0
LDLR	Eosinophils	g1	1
LDLR	Eosinophils	g2	1
LDLR	Macrophage	g1	0
LDLR	Macrophage	g2	1
LDLR	Mast_cells	g1	0
LDLR	Mast_cells	g2	1
LDLR	NK_cells	g1	0
LDLR	NK_cells	g2	1
LEFTY2	ACVR2B	g1	1
LEFTY2	ACVR2B	g2	1
LEP	LEPR	g1	0
LEP	LEPR	g2	0
LEPR	Eosinophils	g1	0
LEPR	Eosinophils	g2	0
LEPR	Macrophage	g1	1
LEPR	Macrophage	g2	1
LEPR	Mast_cells	g1	1
LEPR	Mast_cells	g2	0
LEPR	NK_cells	g1	0
LEPR	NK_cells	g2	0
LGALS3BP	ITGB1	g1	0.5
LGALS3BP	ITGB1	g2	0
LHB	LHCGR	g1	0
LHB	LHCGR	g2	0
LIF	IL6ST	g1	0
LIF	IL6ST	g2	0
LIF	LIFR	g1	0
LIF	LIFR	g2	0.5
LILRA3	Eosinophils	g1	0
LILRA3	Eosinophils	g2	1
LILRA3	Macrophage	g1	0
LILRA3	Macrophage	g2	0.5
LILRB1	Eosinophils	g1	1
LILRB1	Eosinophils	g2	1
LILRB1	Macrophage	g1	0
LILRB1	Macrophage	g2	0.5
LILRB1	NK_cells	g1	0
LILRB1	NK_cells	g2	2
LILRB2	Eosinophils	g1	0
LILRB2	Eosinophils	g2	1
LILRB2	Macrophage	g1	0
LILRB2	Macrophage	g2	0.5
LIN7C	ABCA1	g1	0
LIN7C	ABCA1	g2	1
LIN7C	HTR2C	g1	0
LIN7C	HTR2C	g2	0
LIPC	LRP1	g1	0
LIPC	LRP1	g2	0.5
LMBR1L	Eosinophils	g1	2
LMBR1L	Eosinophils	g2	0
LMBR1L	Macrophage	g1	0
LMBR1L	Macrophage	g2	0
LMBR1L	Mast_cells	g1	0
LMBR1L	Mast_cells	g2	1
LMBR1L	NK_cells	g1	0
LMBR1L	NK_cells	g2	1
LPA	LRP2	g1	0
LPA	LRP2	g2	2
LPAR1	Macrophage	g1	0
LPAR1	Macrophage	g2	0
LPL	LRP1	g1	0
LPL	LRP1	g2	2
LPL	LRP2	g1	0
LPL	LRP2	g2	0
LPL	SDC1	g1	0
LPL	SDC1	g2	0
LPL	VLDLR	g1	1
LPL	VLDLR	g2	1
LRP1	Macrophage	g1	0
LRP1	Macrophage	g2	0.5
LRP1B	PLAUR	g1	1
LRP1B	PLAUR	g2	2
LRP4	Mast_cells	g1	1
LRP4	Mast_cells	g2	0
LRPAP1	LDLR	g1	0
LRPAP1	LDLR	g2	0
LRPAP1	LRP1	g1	0
LRPAP1	LRP1	g2	1
LRPAP1	LRP2	g1	0
LRPAP1	LRP2	g2	0.5
LRPAP1	LRP8	g1	0
LRPAP1	LRP8	g2	0
LRPAP1	SORL1	g1	0
LRPAP1	SORL1	g2	2
LRPAP1	SORT1	g1	1
LRPAP1	SORT1	g2	2
LRPAP1	VLDLR	g1	1
LRPAP1	VLDLR	g2	2
LSR	Mast_cells	g1	1
LSR	Mast_cells	g2	0
LSR	NK_cells	g1	0
LSR	NK_cells	g2	0
LTA	LTBR	g1	0
LTA	LTBR	g2	0.5
LTA	TNFRSF14	g1	1
LTA	TNFRSF14	g2	0
LTA	TNFRSF1A	g1	0
LTA	TNFRSF1A	g2	0.5
LTA	TNFRSF1B	g1	0
LTA	TNFRSF1B	g2	0.5
LTB	CD40	g1	0.5
LTB	CD40	g2	0
LTB	LTBR	g1	0
LTB	LTBR	g2	0
LTB	TNFRSF1A	g1	0
LTB	TNFRSF1A	g2	0
LTBP1	ITGB5	g1	0
LTBP1	ITGB5	g2	1
LTBP3	ITGB5	g1	0
LTBP3	ITGB5	g2	0
LTBR	Eosinophils	g1	0
LTBR	Eosinophils	g2	1
LTBR	Macrophage	g1	0
LTBR	Macrophage	g2	0.5
LTBR	Mast_cells	g1	0
LTBR	Mast_cells	g2	1
LTF	LRP1	g1	0
LTF	LRP1	g2	1
LY86	CD180	g1	1
LY86	CD180	g2	2
MADCAM1	CD44	g1	0
MADCAM1	CD44	g2	0
MADCAM1	ITGA4	g1	1
MADCAM1	ITGA4	g2	0
MADCAM1	ITGB7	g1	1
MADCAM1	ITGB7	g2	0
MARCO	Macrophage	g1	0
MARCO	Macrophage	g2	0.5
MATN1	ITGB1	g1	1
MATN1	ITGB1	g2	1
MBL2	CALCR	g1	2
MBL2	CALCR	g2	0
MBL2	CD93	g1	0
MBL2	CD93	g2	0
MDK	ALK	g1	1
MDK	ALK	g2	1
MDK	LRP1	g1	0
MDK	LRP1	g2	0
MDK	LRP2	g1	1
MDK	LRP2	g2	0
MDK	PTPRZ1	g1	1
MDK	PTPRZ1	g2	0
MDK	SDC1	g1	2
MDK	SDC1	g2	1
MDK	SDC4	g1	0
MDK	SDC4	g2	0
MDK	TSPAN1	g1	1
MDK	TSPAN1	g2	0
MEPE	PHEX	g1	1
MEPE	PHEX	g2	0
MERTK	Macrophage	g1	0
MERTK	Macrophage	g2	0
MFAP2	NOTCH1	g1	0
MFAP2	NOTCH1	g2	0
MFAP5	NOTCH1	g1	0
MFAP5	NOTCH1	g2	0.5
MFGE8	ITGAV	g1	1
MFGE8	ITGAV	g2	1
MFGE8	ITGB3	g1	0
MFGE8	ITGB3	g2	2
MFGE8	PDGFRB	g1	0
MFGE8	PDGFRB	g2	0
MFNG	NOTCH1	g1	0
MFNG	NOTCH1	g2	0
MFNG	NOTCH2	g1	0
MFNG	NOTCH2	g2	0
MIA	CDH7	g1	0
MIA	CDH7	g2	0
MLLT4	EPHA7	g1	1
MLLT4	EPHA7	g2	0
MLLT4	EPHB2	g1	0
MLLT4	EPHB2	g2	0
MLLT4	EPHB3	g1	1
MLLT4	EPHB3	g2	0
MLLT4	EPHB6	g1	2
MLLT4	EPHB6	g2	1
MLLT4	F11R	g1	0
MLLT4	F11R	g2	0
MLLT4	NRXN2	g1	0
MLLT4	NRXN2	g2	0
MLLT4	NRXN3	g1	2
MLLT4	NRXN3	g2	0
MLLT4	PVRL1	g1	2
MLLT4	PVRL1	g2	0
MLLT4	PVRL2	g1	0
MLLT4	PVRL2	g2	0
MLN	MLNR	g1	1
MLN	MLNR	g2	2
MMP1	CD44	g1	0
MMP1	CD44	g2	1
MMP1	ITGA2	g1	0
MMP1	ITGA2	g2	0.5
MMP12	PLAUR	g1	0
MMP12	PLAUR	g2	2
MMP13	LRP1	g1	0
MMP13	LRP1	g2	0
MMP2	SDC2	g1	0
MMP2	SDC2	g2	0.5
MMP7	CD151	g1	0
MMP7	CD151	g2	1
MMP7	CD44	g1	1
MMP7	CD44	g2	1
MMP7	ERBB4	g1	0
MMP7	ERBB4	g2	0.5
MMP9	CD44	g1	1
MMP9	CD44	g2	2
MMP9	EPHB2	g1	0
MMP9	EPHB2	g2	2
MMP9	LRP1	g1	1
MMP9	LRP1	g2	2
MST1	MST1R	g1	0
MST1	MST1R	g2	0.5
MSTN	ACVR2B	g1	1
MSTN	ACVR2B	g2	2
MUC2	AGR2	g1	0
MUC2	AGR2	g2	0.5
MUC7	SELL	g1	0
MUC7	SELL	g2	1
MYOC	FZD1	g1	0
MYOC	FZD1	g2	0
MYOC	FZD10	g1	1
MYOC	FZD10	g2	0
MYOC	FZD3	g1	2
MYOC	FZD3	g2	1
MYOC	FZD4	g1	2
MYOC	FZD4	g2	1
MYOC	FZD7	g1	0
MYOC	FZD7	g2	0
Macrophage	A2M	g1	0
Macrophage	A2M	g2	0.5
Macrophage	ACE	g1	0
Macrophage	ACE	g2	0.5
Macrophage	ADAM10	g1	0
Macrophage	ADAM10	g2	0.5
Macrophage	ADAM15	g1	0
Macrophage	ADAM15	g2	0.5
Macrophage	ADAM17	g1	0
Macrophage	ADAM17	g2	0
Macrophage	ADAM28	g1	1
Macrophage	ADAM28	g2	1
Macrophage	ADAM9	g1	0
Macrophage	ADAM9	g2	0.5
Macrophage	ADM	g1	0
Macrophage	ADM	g2	0
Macrophage	AGRN	g1	0
Macrophage	AGRN	g2	0.5
Macrophage	ANXA1	g1	0
Macrophage	ANXA1	g2	0.5
Macrophage	APOE	g1	0
Macrophage	APOE	g2	0.5
Macrophage	APP	g1	0
Macrophage	APP	g2	0
Macrophage	ARF1	g1	0
Macrophage	ARF1	g2	2
Macrophage	B2M	g1	1
Macrophage	B2M	g2	0
Macrophage	BST1	g1	0
Macrophage	BST1	g2	0
Macrophage	C1QA	g1	0
Macrophage	C1QA	g2	0.5
Macrophage	C1QB	g1	0
Macrophage	C1QB	g2	0.5
Macrophage	C3	g1	0
Macrophage	C3	g2	0.5
Macrophage	CALR	g1	0
Macrophage	CALR	g2	1
Macrophage	CCL1	g1	0
Macrophage	CCL1	g2	0
Macrophage	CCL13	g1	0
Macrophage	CCL13	g2	0
Macrophage	CCL18	g1	0
Macrophage	CCL18	g2	0.5
Macrophage	CCL2	g1	0
Macrophage	CCL2	g2	0
Macrophage	CCL22	g1	0
Macrophage	CCL22	g2	0
Macrophage	CCL23	g1	0
Macrophage	CCL23	g2	0.5
Macrophage	CCL24	g1	0
Macrophage	CCL24	g2	0.5
Macrophage	CCL5	g1	0
Macrophage	CCL5	g2	0.5
Macrophage	CCL7	g1	0
Macrophage	CCL7	g2	0
Macrophage	CCL8	g1	0
Macrophage	CCL8	g2	0.5
Macrophage	CD14	g1	0
Macrophage	CD14	g2	0.5
Macrophage	CD55	g1	0
Macrophage	CD55	g2	0
Macrophage	CD80	g1	0
Macrophage	CD80	g2	0.5
Macrophage	CSF1	g1	0
Macrophage	CSF1	g2	0.5
Macrophage	CXCL1	g1	0
Macrophage	CXCL1	g2	0
Macrophage	CXCL2	g1	0
Macrophage	CXCL2	g2	0
Macrophage	CXCL3	g1	0
Macrophage	CXCL3	g2	0
Macrophage	CXCL5	g1	0
Macrophage	CXCL5	g2	0.5
Macrophage	F13A1	g1	0
Macrophage	F13A1	g2	0.5
Macrophage	FN1	g1	0
Macrophage	FN1	g2	0.5
Macrophage	GAL	g1	0
Macrophage	GAL	g2	0.5
Macrophage	GAS6	g1	0
Macrophage	GAS6	g2	0
Macrophage	GNAI2	g1	0
Macrophage	GNAI2	g2	0.5
Macrophage	GNAS	g1	1
Macrophage	GNAS	g2	0
Macrophage	GPI	g1	0
Macrophage	GPI	g2	2
Macrophage	GSTP1	g1	0
Macrophage	GSTP1	g2	0.5
Macrophage	HBEGF	g1	0
Macrophage	HBEGF	g2	0.5
Macrophage	HEBP1	g1	0
Macrophage	HEBP1	g2	0.5
Macrophage	HLA-A	g1	1
Macrophage	HLA-A	g2	1
Macrophage	HLA-B	g1	0
Macrophage	HLA-B	g2	0.5
Macrophage	HLA-C	g1	0
Macrophage	HLA-C	g2	0.5
Macrophage	HLA-E	g1	0
Macrophage	HLA-E	g2	0.5
Macrophage	HRAS	g1	1
Macrophage	HRAS	g2	2
Macrophage	HSP90AA1	g1	1
Macrophage	HSP90AA1	g2	2
Macrophage	ICAM1	g1	0
Macrophage	ICAM1	g2	0.5
Macrophage	IGFBP4	g1	0
Macrophage	IGFBP4	g2	0.5
Macrophage	IL10	g1	0
Macrophage	IL10	g2	0
Macrophage	IL16	g1	1
Macrophage	IL16	g2	0
Macrophage	IL18	g1	0
Macrophage	IL18	g2	0.5
Macrophage	IL1B	g1	0
Macrophage	IL1B	g2	0
Macrophage	IL1RN	g1	0
Macrophage	IL1RN	g2	0.5
Macrophage	IL8	g1	0
Macrophage	IL8	g2	0
Macrophage	ITGB3BP	g1	1
Macrophage	ITGB3BP	g2	0
Macrophage	KITLG	g1	1
Macrophage	KITLG	g2	1
Macrophage	LAMB2	g1	0
Macrophage	LAMB2	g2	0
Macrophage	LGALS3BP	g1	0
Macrophage	LGALS3BP	g2	0
Macrophage	LIN7C	g1	0
Macrophage	LIN7C	g2	0.5
Macrophage	LPL	g1	0
Macrophage	LPL	g2	0.5
Macrophage	LRPAP1	g1	0
Macrophage	LRPAP1	g2	0
Macrophage	LY86	g1	1
Macrophage	LY86	g2	1
Macrophage	MFNG	g1	1
Macrophage	MFNG	g2	0
Macrophage	MIA	g1	0
Macrophage	MIA	g2	0.5
Macrophage	MMP2	g1	0
Macrophage	MMP2	g2	0
Macrophage	MMP7	g1	0
Macrophage	MMP7	g2	0
Macrophage	MMP9	g1	0
Macrophage	MMP9	g2	0.5
Macrophage	NAMPT	g1	0
Macrophage	NAMPT	g2	0
Macrophage	PDAP1	g1	0
Macrophage	PDAP1	g2	0
Macrophage	PDGFC	g1	0
Macrophage	PDGFC	g2	0
Macrophage	PIGF	g1	1
Macrophage	PIGF	g2	0
Macrophage	PLAU	g1	0
Macrophage	PLAU	g2	0.5
Macrophage	PLTP	g1	0
Macrophage	PLTP	g2	0.5
Macrophage	PON2	g1	0
Macrophage	PON2	g2	0.5
Macrophage	PPBP	g1	0
Macrophage	PPBP	g2	0.5
Macrophage	PSAP	g1	0
Macrophage	PSAP	g2	0.5
Macrophage	PSEN1	g1	0
Macrophage	PSEN1	g2	0
Macrophage	PTDSS1	g1	1
Macrophage	PTDSS1	g2	0
Macrophage	RPS19	g1	1
Macrophage	RPS19	g2	0
Macrophage	RTN4	g1	0
Macrophage	RTN4	g2	0.5
Macrophage	S100A8	g1	0
Macrophage	S100A8	g2	0.5
Macrophage	S100A9	g1	0
Macrophage	S100A9	g2	0
Macrophage	SELPLG	g1	0
Macrophage	SELPLG	g2	0.5
Macrophage	SEMA3C	g1	0
Macrophage	SEMA3C	g2	0
Macrophage	SEMA4A	g1	0
Macrophage	SEMA4A	g2	0
Macrophage	SEMA4D	g1	0
Macrophage	SEMA4D	g2	0
Macrophage	SEMA7A	g1	0
Macrophage	SEMA7A	g2	0
Macrophage	SERPINA1	g1	0
Macrophage	SERPINA1	g2	0.5
Macrophage	SERPINE1	g1	0
Macrophage	SERPINE1	g2	0.5
Macrophage	SERPING1	g1	0
Macrophage	SERPING1	g2	0.5
Macrophage	SPINT1	g1	0
Macrophage	SPINT1	g2	0.5
Macrophage	SPP1	g1	0
Macrophage	SPP1	g2	0.5
Macrophage	TCTN1	g1	1
Macrophage	TCTN1	g2	1
Macrophage	TFPI	g1	0
Macrophage	TFPI	g2	0
Macrophage	TGFB1	g1	0
Macrophage	TGFB1	g2	0.5
Macrophage	TGM2	g1	0
Macrophage	TGM2	g2	0.5
Macrophage	TIMP1	g1	0
Macrophage	TIMP1	g2	0
Macrophage	TIMP2	g1	0
Macrophage	TIMP2	g2	0
Macrophage	TIMP3	g1	0
Macrophage	TIMP3	g2	0
Macrophage	TNF	g1	0
Macrophage	TNF	g2	0.5
Macrophage	TNFSF10	g1	0
Macrophage	TNFSF10	g2	0.5
Macrophage	TNFSF12	g1	0
Macrophage	TNFSF12	g2	0.5
Macrophage	TNFSF14	g1	0
Macrophage	TNFSF14	g2	0.5
Macrophage	TNFSF15	g1	0
Macrophage	TNFSF15	g2	0
Macrophage	TNFSF18	g1	1
Macrophage	TNFSF18	g2	1
Macrophage	TNFSF9	g1	0
Macrophage	TNFSF9	g2	0
Macrophage	VASP	g1	0
Macrophage	VASP	g2	0.5
Macrophage	VCAN	g1	0
Macrophage	VCAN	g2	1
Macrophage	VEGFB	g1	1
Macrophage	VEGFB	g2	1
Macrophage	VIM	g1	0
Macrophage	VIM	g2	0.5
Macrophage	YARS	g1	0
Macrophage	YARS	g2	2
Mast_cells	ADAM10	g1	0
Mast_cells	ADAM10	g2	1
Mast_cells	ADAM12	g1	0
Mast_cells	ADAM12	g2	0.5
Mast_cells	ADAM17	g1	0
Mast_cells	ADAM17	g2	0.5
Mast_cells	ADAM9	g1	0
Mast_cells	ADAM9	g2	1
Mast_cells	ADCYAP1	g1	0
Mast_cells	ADCYAP1	g2	0.5
Mast_cells	ADM	g1	0
Mast_cells	ADM	g2	0.5
Mast_cells	ANXA1	g1	0
Mast_cells	ANXA1	g2	1
Mast_cells	ARF1	g1	0
Mast_cells	ARF1	g2	0
Mast_cells	B2M	g1	1
Mast_cells	B2M	g2	0
Mast_cells	CALR	g1	0
Mast_cells	CALR	g2	0
Mast_cells	CCL1	g1	0
Mast_cells	CCL1	g2	0.5
Mast_cells	CCL2	g1	0
Mast_cells	CCL2	g2	0.5
Mast_cells	CCL4	g1	0
Mast_cells	CCL4	g2	1
Mast_cells	CCL5	g1	0
Mast_cells	CCL5	g2	1
Mast_cells	CD55	g1	0
Mast_cells	CD55	g2	0.5
Mast_cells	COL18A1	g1	0
Mast_cells	COL18A1	g2	0
Mast_cells	COL1A1	g1	0
Mast_cells	COL1A1	g2	0
Mast_cells	COL1A2	g1	1
Mast_cells	COL1A2	g2	0
Mast_cells	COL3A1	g1	1
Mast_cells	COL3A1	g2	0
Mast_cells	CSF1	g1	0
Mast_cells	CSF1	g2	1
Mast_cells	CSF2	g1	0
Mast_cells	CSF2	g2	0
Mast_cells	CTGF	g1	0
Mast_cells	CTGF	g2	0.5
Mast_cells	CXCL2	g1	0
Mast_cells	CXCL2	g2	0.5
Mast_cells	CXCL3	g1	0
Mast_cells	CXCL3	g2	0.5
Mast_cells	DCN	g1	1
Mast_cells	DCN	g2	0
Mast_cells	FASLG	g1	0
Mast_cells	FASLG	g2	0
Mast_cells	FLT3LG	g1	1
Mast_cells	FLT3LG	g2	1
Mast_cells	FN1	g1	0
Mast_cells	FN1	g2	1
Mast_cells	GNAI2	g1	0
Mast_cells	GNAI2	g2	1
Mast_cells	GNAS	g1	1
Mast_cells	GNAS	g2	0
Mast_cells	GPI	g1	0
Mast_cells	GPI	g2	0
Mast_cells	GSTP1	g1	0
Mast_cells	GSTP1	g2	1
Mast_cells	GZMB	g1	0
Mast_cells	GZMB	g2	0
Mast_cells	HLA-A	g1	1
Mast_cells	HLA-A	g2	0
Mast_cells	HLA-B	g1	0
Mast_cells	HLA-B	g2	2
Mast_cells	HLA-C	g1	0
Mast_cells	HLA-C	g2	1
Mast_cells	HLA-E	g1	0
Mast_cells	HLA-E	g2	1
Mast_cells	HRAS	g1	1
Mast_cells	HRAS	g2	0
Mast_cells	HSP90AA1	g1	1
Mast_cells	HSP90AA1	g2	0
Mast_cells	HSPG2	g1	0
Mast_cells	HSPG2	g2	0.5
Mast_cells	ICAM1	g1	0
Mast_cells	ICAM1	g2	2
Mast_cells	ICAM4	g1	0
Mast_cells	ICAM4	g2	0
Mast_cells	ICAM5	g1	0
Mast_cells	ICAM5	g2	0.5
Mast_cells	IGFBP4	g1	0
Mast_cells	IGFBP4	g2	1
Mast_cells	IL13	g1	1
Mast_cells	IL13	g2	0
Mast_cells	IL16	g1	1
Mast_cells	IL16	g2	0
Mast_cells	IL18	g1	0
Mast_cells	IL18	g2	1
Mast_cells	IL1B	g1	0
Mast_cells	IL1B	g2	0.5
Mast_cells	IL1RN	g1	0
Mast_cells	IL1RN	g2	1
Mast_cells	IL3	g1	1
Mast_cells	IL3	g2	0
Mast_cells	IL5	g1	0
Mast_cells	IL5	g2	0.5
Mast_cells	IL8	g1	0
Mast_cells	IL8	g2	0.5
Mast_cells	INHBA	g1	0
Mast_cells	INHBA	g2	0.5
Mast_cells	ITGB3BP	g1	1
Mast_cells	ITGB3BP	g2	0
Mast_cells	JAG1	g1	0
Mast_cells	JAG1	g2	0.5
Mast_cells	KITLG	g1	1
Mast_cells	KITLG	g2	0
Mast_cells	L1CAM	g1	0
Mast_cells	L1CAM	g2	0.5
Mast_cells	LAMA5	g1	1
Mast_cells	LAMA5	g2	0
Mast_cells	LIF	g1	0
Mast_cells	LIF	g2	0.5
Mast_cells	LIN7C	g1	0
Mast_cells	LIN7C	g2	1
Mast_cells	LRP1B	g1	0
Mast_cells	LRP1B	g2	0.5
Mast_cells	LRPAP1	g1	0
Mast_cells	LRPAP1	g2	0.5
Mast_cells	LTBP3	g1	1
Mast_cells	LTBP3	g2	1
Mast_cells	MFNG	g1	1
Mast_cells	MFNG	g2	1
Mast_cells	NAMPT	g1	0
Mast_cells	NAMPT	g2	0.5
Mast_cells	NOV	g1	0
Mast_cells	NOV	g2	0.5
Mast_cells	NRG1	g1	1
Mast_cells	NRG1	g2	0
Mast_cells	NTS	g1	1
Mast_cells	NTS	g2	0
Mast_cells	OSM	g1	0
Mast_cells	OSM	g2	0.5
Mast_cells	PDAP1	g1	0
Mast_cells	PDAP1	g2	1
Mast_cells	PDGFA	g1	0
Mast_cells	PDGFA	g2	1
Mast_cells	PDGFC	g1	0
Mast_cells	PDGFC	g2	0.5
Mast_cells	PIGF	g1	1
Mast_cells	PIGF	g2	0
Mast_cells	PIP	g1	0
Mast_cells	PIP	g2	0.5
Mast_cells	PLAT	g1	0
Mast_cells	PLAT	g2	0.5
Mast_cells	PLAU	g1	0
Mast_cells	PLAU	g2	1
Mast_cells	PON2	g1	0
Mast_cells	PON2	g2	1
Mast_cells	PROS1	g1	0
Mast_cells	PROS1	g2	0.5
Mast_cells	PSAP	g1	0
Mast_cells	PSAP	g2	2
Mast_cells	PSEN1	g1	0
Mast_cells	PSEN1	g2	0.5
Mast_cells	PTDSS1	g1	1
Mast_cells	PTDSS1	g2	1
Mast_cells	PTGS2	g1	0
Mast_cells	PTGS2	g2	0.5
Mast_cells	RPS19	g1	1
Mast_cells	RPS19	g2	1
Mast_cells	RTN4	g1	0
Mast_cells	RTN4	g2	1
Mast_cells	SELPLG	g1	0
Mast_cells	SELPLG	g2	2
Mast_cells	SEMA3D	g1	0
Mast_cells	SEMA3D	g2	0
Mast_cells	SEMA4D	g1	0
Mast_cells	SEMA4D	g2	0.5
Mast_cells	SEMA6A	g1	0
Mast_cells	SEMA6A	g2	0.5
Mast_cells	SEMA7A	g1	0
Mast_cells	SEMA7A	g2	0.5
Mast_cells	SERPINE1	g1	0
Mast_cells	SERPINE1	g2	1
Mast_cells	SERPINE2	g1	1
Mast_cells	SERPINE2	g2	0
Mast_cells	SERPING1	g1	0
Mast_cells	SERPING1	g2	2
Mast_cells	SORBS1	g1	0
Mast_cells	SORBS1	g2	0.5
Mast_cells	SPINT1	g1	0
Mast_cells	SPINT1	g2	1
Mast_cells	SPP1	g1	0
Mast_cells	SPP1	g2	1
Mast_cells	TCTN1	g1	1
Mast_cells	TCTN1	g2	0
Mast_cells	TGFB1	g1	0
Mast_cells	TGFB1	g2	1
Mast_cells	THBS1	g1	0
Mast_cells	THBS1	g2	0.5
Mast_cells	TIMP1	g1	0
Mast_cells	TIMP1	g2	0.5
Mast_cells	TIMP2	g1	0
Mast_cells	TIMP2	g2	0.5
Mast_cells	TIMP3	g1	0
Mast_cells	TIMP3	g2	0.5
Mast_cells	TNF	g1	0
Mast_cells	TNF	g2	2
Mast_cells	TNFSF10	g1	0
Mast_cells	TNFSF10	g2	2
Mast_cells	TNFSF12	g1	0
Mast_cells	TNFSF12	g2	1
Mast_cells	TNFSF14	g1	0
Mast_cells	TNFSF14	g2	1
Mast_cells	TNFSF18	g1	1
Mast_cells	TNFSF18	g2	0
Mast_cells	TNFSF4	g1	1
Mast_cells	TNFSF4	g2	0
Mast_cells	TNFSF9	g1	0
Mast_cells	TNFSF9	g2	0.5
Mast_cells	UTS2	g1	1
Mast_cells	UTS2	g2	0
Mast_cells	VASP	g1	0
Mast_cells	VASP	g2	1
Mast_cells	VEGFA	g1	0
Mast_cells	VEGFA	g2	0.5
Mast_cells	VEGFB	g1	1
Mast_cells	VEGFB	g2	0
Mast_cells	VIM	g1	0
Mast_cells	VIM	g2	2
Mast_cells	XCL1	g1	1
Mast_cells	XCL1	g2	1
Mast_cells	YARS	g1	0
Mast_cells	YARS	g2	0
NAMPT	INSR	g1	0
NAMPT	INSR	g2	1
NCAM1	FGFR1	g1	0
NCAM1	FGFR1	g2	2
NCAM1	GFRA1	g1	0
NCAM1	GFRA1	g2	0
NCAM1	ROBO1	g1	1
NCAM1	ROBO1	g2	0
NCAM1	ROBO3	g1	1
NCAM1	ROBO3	g2	0
NCSTN	Eosinophils	g1	1
NCSTN	Eosinophils	g2	0
NCSTN	Macrophage	g1	0
NCSTN	Macrophage	g2	0
NCSTN	Mast_cells	g1	0
NCSTN	Mast_cells	g2	0.5
NCSTN	NK_cells	g1	0
NCSTN	NK_cells	g2	1
NDP	FZD4	g1	0.5
NDP	FZD4	g2	0
NDP	LGR4	g1	0
NDP	LGR4	g2	1
NEO1	Mast_cells	g1	1
NEO1	Mast_cells	g2	0
NEO1	NK_cells	g1	0
NEO1	NK_cells	g2	0
NGF	NGFR	g1	1
NGF	NGFR	g2	1
NGF	NTRK1	g1	0
NGF	NTRK1	g2	1
NGF	SORCS3	g1	1
NGF	SORCS3	g2	0
NGF	SORT1	g1	0
NGF	SORT1	g2	1
NGFR	Mast_cells	g1	0
NGFR	Mast_cells	g2	1
NGFRAP1	Macrophage	g1	1
NGFRAP1	Macrophage	g2	1
NID1	COL13A1	g1	0
NID1	COL13A1	g2	0
NID1	ITGAV	g1	0
NID1	ITGAV	g2	2
NID1	ITGB3	g1	0
NID1	ITGB3	g2	0.5
NID1	PTPRF	g1	0
NID1	PTPRF	g2	0
NID2	COL13A1	g1	0
NID2	COL13A1	g2	1
NK_cells	ADAM10	g1	0
NK_cells	ADAM10	g2	2
NK_cells	ADAM15	g1	0
NK_cells	ADAM15	g2	2
NK_cells	ADAM17	g1	1
NK_cells	ADAM17	g2	1
NK_cells	ADAM9	g1	1
NK_cells	ADAM9	g2	2
NK_cells	ANXA1	g1	1
NK_cells	ANXA1	g2	2
NK_cells	APP	g1	0
NK_cells	APP	g2	1
NK_cells	ARF1	g1	0
NK_cells	ARF1	g2	0.5
NK_cells	B2M	g1	0
NK_cells	B2M	g2	0
NK_cells	CALR	g1	0
NK_cells	CALR	g2	1
NK_cells	CCL4	g1	1
NK_cells	CCL4	g2	2
NK_cells	CCL5	g1	1
NK_cells	CCL5	g2	2
NK_cells	CD14	g1	1
NK_cells	CD14	g2	2
NK_cells	CD40LG	g1	0
NK_cells	CD40LG	g2	0
NK_cells	CD55	g1	0
NK_cells	CD55	g2	1
NK_cells	COLQ	g1	1
NK_cells	COLQ	g2	1
NK_cells	CXCL2	g1	1
NK_cells	CXCL2	g2	1
NK_cells	EREG	g1	1
NK_cells	EREG	g2	1
NK_cells	FASLG	g1	0
NK_cells	FASLG	g2	0.5
NK_cells	FLT3LG	g1	0
NK_cells	FLT3LG	g2	0
NK_cells	GNAI2	g1	1
NK_cells	GNAI2	g2	2
NK_cells	GNAS	g1	0
NK_cells	GNAS	g2	0
NK_cells	GPI	g1	0
NK_cells	GPI	g2	0.5
NK_cells	GSTP1	g1	0
NK_cells	GSTP1	g2	2
NK_cells	GZMB	g1	0
NK_cells	GZMB	g2	0.5
NK_cells	HLA-A	g1	1
NK_cells	HLA-A	g2	1
NK_cells	HLA-B	g1	0
NK_cells	HLA-B	g2	2
NK_cells	HLA-C	g1	0
NK_cells	HLA-C	g2	2
NK_cells	HLA-E	g1	0
NK_cells	HLA-E	g2	2
NK_cells	HSP90AA1	g1	0
NK_cells	HSP90AA1	g2	0.5
NK_cells	ICAM1	g1	0
NK_cells	ICAM1	g2	2
NK_cells	ICAM2	g1	0
NK_cells	ICAM2	g2	0
NK_cells	ICAM3	g1	1
NK_cells	ICAM3	g2	1
NK_cells	IFNG	g1	0
NK_cells	IFNG	g2	1
NK_cells	IL16	g1	0
NK_cells	IL16	g2	0
NK_cells	IL1B	g1	1
NK_cells	IL1B	g2	1
NK_cells	IL1RN	g1	1
NK_cells	IL1RN	g2	2
NK_cells	IL23A	g1	0
NK_cells	IL23A	g2	0
NK_cells	IL8	g1	1
NK_cells	IL8	g2	1
NK_cells	LIN7C	g1	0
NK_cells	LIN7C	g2	2
NK_cells	LRPAP1	g1	1
NK_cells	LRPAP1	g2	1
NK_cells	LTA	g1	0
NK_cells	LTA	g2	0.5
NK_cells	LTB	g1	0
NK_cells	LTB	g2	0
NK_cells	LTBP3	g1	0
NK_cells	LTBP3	g2	0
NK_cells	MFNG	g1	0
NK_cells	MFNG	g2	0
NK_cells	MIA	g1	0
NK_cells	MIA	g2	2
NK_cells	NAMPT	g1	0
NK_cells	NAMPT	g2	0.5
NK_cells	NCAM1	g1	0
NK_cells	NCAM1	g2	0.5
NK_cells	OSM	g1	0
NK_cells	OSM	g2	0.5
NK_cells	PDAP1	g1	0
NK_cells	PDAP1	g2	1
NK_cells	PDGFD	g1	0
NK_cells	PDGFD	g2	1
NK_cells	PIGF	g1	0
NK_cells	PIGF	g2	0
NK_cells	POMC	g1	1
NK_cells	POMC	g2	1
NK_cells	PRSS23	g1	0
NK_cells	PRSS23	g2	0.5
NK_cells	PSAP	g1	0
NK_cells	PSAP	g2	2
NK_cells	PSEN1	g1	1
NK_cells	PSEN1	g2	1
NK_cells	PTDSS1	g1	0
NK_cells	PTDSS1	g2	0
NK_cells	PTGS2	g1	1
NK_cells	PTGS2	g2	1
NK_cells	RPS19	g1	0
NK_cells	RPS19	g2	0
NK_cells	RTN4	g1	1
NK_cells	RTN4	g2	2
NK_cells	S100A8	g1	1
NK_cells	S100A8	g2	2
NK_cells	S100A9	g1	1
NK_cells	S100A9	g2	1
NK_cells	SELPLG	g1	0
NK_cells	SELPLG	g2	2
NK_cells	SEMA4A	g1	0
NK_cells	SEMA4A	g2	1
NK_cells	SEMA4D	g1	0
NK_cells	SEMA4D	g2	1
NK_cells	SERPINA1	g1	1
NK_cells	SERPINA1	g2	2
NK_cells	TGFB1	g1	0
NK_cells	TGFB1	g2	2
NK_cells	THBS1	g1	0
NK_cells	THBS1	g2	0.5
NK_cells	TIMP1	g1	1
NK_cells	TIMP1	g2	1
NK_cells	TIMP2	g1	1
NK_cells	TIMP2	g2	1
NK_cells	TNF	g1	0
NK_cells	TNF	g2	2
NK_cells	TNFSF10	g1	0
NK_cells	TNFSF10	g2	2
NK_cells	TNFSF12	g1	1
NK_cells	TNFSF12	g2	2
NK_cells	TNFSF14	g1	0
NK_cells	TNFSF14	g2	2
NK_cells	TNFSF8	g1	0
NK_cells	TNFSF8	g2	0
NK_cells	TNFSF9	g1	0
NK_cells	TNFSF9	g2	0.5
NK_cells	ULBP2	g1	1
NK_cells	ULBP2	g2	2
NK_cells	VASP	g1	1
NK_cells	VASP	g2	2
NK_cells	VCAN	g1	0
NK_cells	VCAN	g2	1
NK_cells	VEGFB	g1	0
NK_cells	VEGFB	g2	0
NK_cells	VIM	g1	0
NK_cells	VIM	g2	2
NK_cells	XCL1	g1	0
NK_cells	XCL1	g2	1
NK_cells	YARS	g1	0
NK_cells	YARS	g2	0.5
NLGN1	NRXN1	g1	1
NLGN1	NRXN1	g2	2
NLGN1	NRXN2	g1	0
NLGN1	NRXN2	g2	0.5
NLGN1	NRXN3	g1	1
NLGN1	NRXN3	g2	0
NLGN3	NRXN1	g1	0
NLGN3	NRXN1	g2	0
NLGN3	NRXN2	g1	0
NLGN3	NRXN2	g2	1
NLGN3	NRXN3	g1	0.5
NLGN3	NRXN3	g2	0
NMB	GRPR	g1	0
NMB	GRPR	g2	0
NMB	NMBR	g1	0
NMB	NMBR	g2	0
NMU	NMUR1	g1	1
NMU	NMUR1	g2	0
NMUR1	NK_cells	g1	0
NMUR1	NK_cells	g2	0.5
NOTCH1	Eosinophils	g1	0
NOTCH1	Eosinophils	g2	0
NOTCH1	Macrophage	g1	0
NOTCH1	Macrophage	g2	0
NOTCH1	Mast_cells	g1	0
NOTCH1	Mast_cells	g2	0.5
NOTCH1	NK_cells	g1	1
NOTCH1	NK_cells	g2	1
NOV	NOTCH1	g1	0
NOV	NOTCH1	g2	2
NPFF	NPFFR1	g1	0
NPFF	NPFFR1	g2	0
NPPA	NPR1	g1	1
NPPA	NPR1	g2	1
NPPA	NPR3	g1	0
NPPA	NPR3	g2	0
NPPB	NPR1	g1	0
NPPB	NPR1	g2	0
NPPB	NPR2	g1	1
NPPB	NPR2	g2	0
NPPB	NPR3	g1	1
NPPB	NPR3	g2	1
NPPC	NPR2	g1	0
NPPC	NPR2	g2	0
NPPC	NPR3	g1	0
NPPC	NPR3	g2	1
NPVF	NPFFR1	g1	0
NPVF	NPFFR1	g2	1
NPY	FAP	g1	1
NPY	FAP	g2	1
NPY	MC4R	g1	1
NPY	MC4R	g2	1
NPY	NPY1R	g1	1
NPY	NPY1R	g2	1
NPY	NPY2R	g1	1
NPY	NPY2R	g2	1
NPY	NPY5R	g1	1
NPY	NPY5R	g2	1
NRCAM	Mast_cells	g1	1
NRCAM	Mast_cells	g2	0
NRG1	ERBB2	g1	1
NRG1	ERBB2	g2	1
NRG1	ERBB3	g1	1
NRG1	ERBB3	g2	1
NRG1	ERBB4	g1	1
NRG1	ERBB4	g2	1
NRG2	ERBB3	g1	0
NRG2	ERBB3	g2	0
NRG2	ERBB4	g1	0
NRG2	ERBB4	g2	0
NRP1	Macrophage	g1	0
NRP1	Macrophage	g2	0.5
NRP1	Mast_cells	g1	0
NRP1	Mast_cells	g2	1
NRP2	Macrophage	g1	0
NRP2	Macrophage	g2	0.5
NRP2	Mast_cells	g1	0
NRP2	Mast_cells	g2	1
NRTN	GFRA1	g1	0.5
NRTN	GFRA1	g2	0
NRTN	GFRA2	g1	0
NRTN	GFRA2	g2	0
NRTN	RET	g1	1
NRTN	RET	g2	0
NT5E	Mast_cells	g1	1
NT5E	Mast_cells	g2	0
NTF3	NGFR	g1	0.5
NTF3	NGFR	g2	0
NTF3	NTRK1	g1	0
NTF3	NTRK1	g2	0
NTF3	NTRK2	g1	2
NTF3	NTRK2	g2	1
NTF3	NTRK3	g1	1
NTF3	NTRK3	g2	0
NTN1	ADORA2B	g1	0
NTN1	ADORA2B	g2	1
NTN1	DCC	g1	2
NTN1	DCC	g2	0
NTN1	NEO1	g1	2
NTN1	NEO1	g2	1
NTN1	UNC5C	g1	1
NTN1	UNC5C	g2	0
NTN3	CDON	g1	0
NTN3	CDON	g2	0.5
NTN3	NEO1	g1	1
NTN3	NEO1	g2	0
NTRK1	Mast_cells	g1	0
NTRK1	Mast_cells	g2	0.5
NTS	NTSR1	g1	0
NTS	NTSR1	g2	1
NTS	NTSR2	g1	0
NTS	NTSR2	g2	1
NTS	SORT1	g1	0
NTS	SORT1	g2	1
NXPH3	NRXN1	g1	0
NXPH3	NRXN1	g2	2
NXPH3	NRXN2	g1	0
NXPH3	NRXN2	g2	0.5
NXPH3	NRXN3	g1	1
NXPH3	NRXN3	g2	0
OBP2A	OR1G1	g1	1
OBP2A	OR1G1	g2	0
OGFR	Eosinophils	g1	1
OGFR	Eosinophils	g2	1
OGFR	Macrophage	g1	0
OGFR	Macrophage	g2	0.5
OGFR	Mast_cells	g1	0
OGFR	Mast_cells	g2	1
OGFR	NK_cells	g1	0
OGFR	NK_cells	g2	2
OLR1	Eosinophils	g1	0
OLR1	Eosinophils	g2	0
OLR1	Macrophage	g1	0
OLR1	Macrophage	g2	0
OMG	TNFRSF1B	g1	0
OMG	TNFRSF1B	g2	0
ORAI2	Eosinophils	g1	0
ORAI2	Eosinophils	g2	0
ORAI2	Mast_cells	g1	1
ORAI2	Mast_cells	g2	0
ORM1	CCR5	g1	1
ORM1	CCR5	g2	1
OSM	IL6ST	g1	0
OSM	IL6ST	g2	0
OSM	LIFR	g1	0
OSM	LIFR	g2	0.5
OSM	OSMR	g1	0
OSM	OSMR	g2	2
OXT	AVPR1A	g1	1
OXT	AVPR1A	g2	2
OXT	AVPR1B	g1	0
OXT	AVPR1B	g2	0.5
OXT	AVPR2	g1	0
OXT	AVPR2	g2	0
OXT	OXTR	g1	1
OXT	OXTR	g2	2
P2RY14	Eosinophils	g1	1
P2RY14	Eosinophils	g2	0
P2RY14	Mast_cells	g1	0
P2RY14	Mast_cells	g2	0.5
PDAP1	PDGFRB	g1	2
PDAP1	PDGFRB	g2	0
PDCD1	Macrophage	g1	1
PDCD1	Macrophage	g2	1
PDCD1LG2	PDCD1	g1	0
PDCD1LG2	PDCD1	g2	1
PDGFA	PDGFRA	g1	0
PDGFA	PDGFRA	g2	1
PDGFB	ART1	g1	0
PDGFB	ART1	g2	0.5
PDGFB	LRP1	g1	0
PDGFB	LRP1	g2	1
PDGFB	PDGFRA	g1	0
PDGFB	PDGFRA	g2	1
PDGFB	PDGFRB	g1	0
PDGFB	PDGFRB	g2	0
PDGFC	FLT4	g1	1
PDGFC	FLT4	g2	2
PDGFC	KDR	g1	0
PDGFC	KDR	g2	0
PDGFC	PDGFRA	g1	0
PDGFC	PDGFRA	g2	1
PDGFD	PDGFRB	g1	1
PDGFD	PDGFRB	g2	1
PDGFRA	Eosinophils	g1	2
PDGFRA	Eosinophils	g2	0
PDGFRA	Macrophage	g1	0
PDGFRA	Macrophage	g2	0
PDGFRA	Mast_cells	g1	0
PDGFRA	Mast_cells	g2	1
PDGFRA	NK_cells	g1	0
PDGFRA	NK_cells	g2	1
PDGFRB	NK_cells	g1	0
PDGFRB	NK_cells	g2	1
PDYN	OPRD1	g1	1
PDYN	OPRD1	g2	1
PDYN	OPRK1	g1	1
PDYN	OPRK1	g2	1
PDYN	OPRM1	g1	0
PDYN	OPRM1	g2	0
PENK	OGFR	g1	0
PENK	OGFR	g2	0
PENK	OPRD1	g1	0
PENK	OPRD1	g2	0.5
PENK	OPRM1	g1	0
PENK	OPRM1	g2	0
PF4	CXCR3	g1	0
PF4	CXCR3	g2	0
PF4	FGFR2	g1	0
PF4	FGFR2	g2	2
PF4	LDLR	g1	0
PF4	LDLR	g2	0
PF4	PROCR	g1	1
PF4	PROCR	g2	2
PF4	SDC2	g1	1
PF4	SDC2	g2	1
PF4	THBD	g1	1
PF4	THBD	g2	2
PGF	NRP1	g1	0
PGF	NRP1	g2	0.5
PGF	NRP2	g1	0
PGF	NRP2	g2	0.5
PIP	CD4	g1	0
PIP	CD4	g2	0.5
PLA2G10	PLA2R1	g1	1
PLA2G10	PLA2R1	g2	0
PLAT	LRP1	g1	0
PLAT	LRP1	g2	0.5
PLAU	IGF2R	g1	1
PLAU	IGF2R	g2	2
PLAU	LRP1	g1	0
PLAU	LRP1	g2	2
PLAU	LRP2	g1	0
PLAU	LRP2	g2	0
PLAU	PLAUR	g1	1
PLAU	PLAUR	g2	1
PLAU	ST14	g1	1
PLAU	ST14	g2	2
PLAUR	Eosinophils	g1	0
PLAUR	Eosinophils	g2	0
PLAUR	Macrophage	g1	0
PLAUR	Macrophage	g2	0
PLAUR	Mast_cells	g1	0
PLAUR	Mast_cells	g2	0.5
PLAUR	NK_cells	g1	1
PLAUR	NK_cells	g2	1
PLG	F2R	g1	1
PLG	F2R	g2	1
PLG	F2RL1	g1	0
PLG	F2RL1	g2	0
PLG	F3	g1	0
PLG	F3	g2	0
PLG	ITGA9	g1	0
PLG	ITGA9	g2	0
PLG	ITGB1	g1	1
PLG	ITGB1	g2	0
PLSCR4	Mast_cells	g1	1
PLSCR4	Mast_cells	g2	0
PLTP	ABCA1	g1	0
PLTP	ABCA1	g2	1
PLXNA3	Mast_cells	g1	1
PLXNA3	Mast_cells	g2	0
PLXNB2	Macrophage	g1	0
PLXNB2	Macrophage	g2	0.5
PLXNB2	Mast_cells	g1	0
PLXNB2	Mast_cells	g2	2
PLXNB3	Mast_cells	g1	1
PLXNB3	Mast_cells	g2	0
PLXNC1	Eosinophils	g1	0
PLXNC1	Eosinophils	g2	0
PLXNC1	Macrophage	g1	0
PLXNC1	Macrophage	g2	0
PLXNC1	Mast_cells	g1	0
PLXNC1	Mast_cells	g2	0.5
PLXNC1	NK_cells	g1	1
PLXNC1	NK_cells	g2	1
PLXND1	Eosinophils	g1	1
PLXND1	Eosinophils	g2	1
PLXND1	Macrophage	g1	0
PLXND1	Macrophage	g2	0.5
PLXND1	Mast_cells	g1	0
PLXND1	Mast_cells	g2	1
PLXND1	NK_cells	g1	0
PLXND1	NK_cells	g2	2
PMCH	MCHR1	g1	0
PMCH	MCHR1	g2	0
PNOC	OPRL1	g1	0
PNOC	OPRL1	g2	0.5
PODXL	SELL	g1	1
PODXL	SELL	g2	2
PODXL2	SELL	g1	0
PODXL2	SELL	g2	0.5
POMC	MC1R	g1	0
POMC	MC1R	g2	0
POMC	MC2R	g1	0.5
POMC	MC2R	g2	0
POMC	MC3R	g1	0.5
POMC	MC3R	g2	0
POMC	MC4R	g1	1
POMC	MC4R	g2	0
POMC	MC5R	g1	0.5
POMC	MC5R	g2	0
POMC	OPRD1	g1	1
POMC	OPRD1	g2	0
POMC	OPRK1	g1	1
POMC	OPRK1	g2	0
POMC	OPRM1	g1	0
POMC	OPRM1	g2	0
PON2	HTR2A	g1	0
PON2	HTR2A	g2	0
PPBP	CXCR1	g1	0
PPBP	CXCR1	g2	1
PPBP	CXCR2	g1	0
PPBP	CXCR2	g2	1
PPY	NPY5R	g1	0
PPY	NPY5R	g2	0.5
PRL	PRLR	g1	0
PRL	PRLR	g2	0.5
PROC	PROCR	g1	0
PROC	PROCR	g2	1
PROC	THBD	g1	0
PROC	THBD	g2	1
PROCR	Macrophage	g1	0
PROCR	Macrophage	g2	0
PROCR	Mast_cells	g1	0
PROCR	Mast_cells	g2	0.5
PROS1	AXL	g1	0
PROS1	AXL	g2	2
PROS1	TYRO3	g1	0
PROS1	TYRO3	g2	1
PRSS23	TMEM222	g1	0
PRSS23	TMEM222	g2	0
PSAP	CD1B	g1	0
PSAP	CD1B	g2	0.5
PSAP	CELSR1	g1	0
PSAP	CELSR1	g2	0
PSAP	GPR37	g1	0
PSAP	GPR37	g2	0
PSAP	GPR37L1	g1	0
PSAP	GPR37L1	g2	0
PSAP	LRP1	g1	0
PSAP	LRP1	g2	2
PSEN1	NCSTN	g1	0
PSEN1	NCSTN	g2	2
PSEN1	NOTCH1	g1	1
PSEN1	NOTCH1	g2	2
PSEN1	NOTCH2	g1	1
PSEN1	NOTCH2	g2	2
PSEN1	NOTCH3	g1	1
PSEN1	NOTCH3	g2	1
PSEN1	NOTCH4	g1	0
PSEN1	NOTCH4	g2	0.5
PSPN	GFRA1	g1	0
PSPN	GFRA1	g2	0
PSPN	GFRA4	g1	1
PSPN	GFRA4	g2	1
PSPN	RET	g1	0
PSPN	RET	g2	1
PTDSS1	JMJD6	g1	0
PTDSS1	JMJD6	g2	0
PTDSS1	SCARB1	g1	0
PTDSS1	SCARB1	g2	1
PTGDR	NK_cells	g1	0
PTGDR	NK_cells	g2	0.5
PTGS2	CAV1	g1	0
PTGS2	CAV1	g2	0
PTH	PTH1R	g1	1
PTH	PTH1R	g2	1
PTH	PTH2R	g1	1
PTH	PTH2R	g2	1
PTH2R	Mast_cells	g1	1
PTH2R	Mast_cells	g2	0
PTHLH	PTH1R	g1	1
PTHLH	PTH1R	g2	2
PTHLH	PTH2R	g1	1
PTHLH	PTH2R	g2	2
PTN	ALK	g1	0
PTN	ALK	g2	0
PTN	CDH10	g1	1
PTN	CDH10	g2	2
PTN	PLXNB2	g1	0
PTN	PLXNB2	g2	0
PTN	PTPRB	g1	0
PTN	PTPRB	g2	0.5
PTN	PTPRS	g1	0
PTN	PTPRS	g2	0
PTN	PTPRZ1	g1	1
PTN	PTPRZ1	g2	2
PTN	SDC1	g1	1
PTN	SDC1	g2	0
PTPRB	Mast_cells	g1	0
PTPRB	Mast_cells	g2	0.5
PTPRM	Mast_cells	g1	1
PTPRM	Mast_cells	g2	1
PTPRM	NK_cells	g1	0
PTPRM	NK_cells	g2	1
PVRL1	Mast_cells	g1	1
PVRL1	Mast_cells	g2	0
PVRL2	Eosinophils	g1	0
PVRL2	Eosinophils	g2	0
PVRL2	Macrophage	g1	0
PVRL2	Macrophage	g2	0
PVRL2	Mast_cells	g1	0
PVRL2	Mast_cells	g2	0.5
PYY	FAP	g1	0
PYY	FAP	g2	2
PYY	NPY1R	g1	0
PYY	NPY1R	g2	2
PYY	NPY2R	g1	0
PYY	NPY2R	g2	2
PYY	NPY5R	g1	0
PYY	NPY5R	g2	2
RARRES2	CCRL2	g1	0
RARRES2	CCRL2	g2	0.5
RARRES2	CMKLR1	g1	0
RARRES2	CMKLR1	g2	0.5
RARRES2	GPR1	g1	0
RARRES2	GPR1	g2	0
RBP3	NOTCH1	g1	0
RBP3	NOTCH1	g2	0
RBP4	STRA6	g1	1
RBP4	STRA6	g2	0
RELN	ITGA3	g1	0
RELN	ITGA3	g2	0
RELN	ITGB1	g1	1
RELN	ITGB1	g2	1
RELN	LRP8	g1	0
RELN	LRP8	g2	1
RELN	VLDLR	g1	0
RELN	VLDLR	g2	0.5
REN	ATP6AP2	g1	0
REN	ATP6AP2	g2	0
RET	Mast_cells	g1	1
RET	Mast_cells	g2	0
RIMS1	CACNA1C	g1	0
RIMS1	CACNA1C	g2	0
RIMS2	ABCA1	g1	0
RIMS2	ABCA1	g2	0.5
RNASE2	TLR2	g1	1
RNASE2	TLR2	g2	2
RPS19	C5AR1	g1	0
RPS19	C5AR1	g2	0
RTN4	CNTNAP1	g1	0
RTN4	CNTNAP1	g2	0
RYK	Eosinophils	g1	1
RYK	Eosinophils	g2	0
RYK	Macrophage	g1	0
RYK	Macrophage	g2	1
RYK	Mast_cells	g1	0
RYK	Mast_cells	g2	0
RYK	NK_cells	g1	0
RYK	NK_cells	g2	0
S100A8	TLR4	g1	1
S100A8	TLR4	g2	1
S100A9	TLR4	g1	1
S100A9	TLR4	g2	2
S1PR1	Eosinophils	g1	0
S1PR1	Eosinophils	g2	0
S1PR1	Mast_cells	g1	1
S1PR1	Mast_cells	g2	0
S1PR1	NK_cells	g1	1
S1PR1	NK_cells	g2	0
SCARB1	Macrophage	g1	0
SCARB1	Macrophage	g2	0.5
SCARF1	Eosinophils	g1	0
SCARF1	Eosinophils	g2	0
SCARF1	Mast_cells	g1	0
SCARF1	Mast_cells	g2	0.5
SCGB1A1	LMBR1L	g1	1
SCGB1A1	LMBR1L	g2	0
SCGB1A1	LRP2	g1	0
SCGB1A1	LRP2	g2	2
SCT	SCTR	g1	0
SCT	SCTR	g2	0
SCT	VIPR1	g1	1
SCT	VIPR1	g2	1
SCT	VIPR2	g1	1
SCT	VIPR2	g2	0
SDC2	Eosinophils	g1	0
SDC2	Eosinophils	g2	1
SDC2	Macrophage	g1	0
SDC2	Macrophage	g2	0.5
SDC4	Macrophage	g1	0
SDC4	Macrophage	g2	0.5
SDC4	Mast_cells	g1	0
SDC4	Mast_cells	g2	1
SELL	Eosinophils	g1	0
SELL	Eosinophils	g2	0
SELL	NK_cells	g1	0
SELL	NK_cells	g2	0
SELPLG	SELE	g1	0
SELPLG	SELE	g2	0
SELPLG	SELL	g1	0
SELPLG	SELL	g2	0
SELPLG	SELP	g1	0
SELPLG	SELP	g2	0
SEMA3A	NRP1	g1	0
SEMA3A	NRP1	g2	0
SEMA3A	NRP2	g1	0
SEMA3A	NRP2	g2	0
SEMA3A	PLXNA1	g1	0
SEMA3A	PLXNA1	g2	0
SEMA3A	PLXNA2	g1	1
SEMA3A	PLXNA2	g2	2
SEMA3B	NRP1	g1	1
SEMA3B	NRP1	g2	1
SEMA3B	NRP2	g1	1
SEMA3B	NRP2	g2	1
SEMA3C	NRP1	g1	1
SEMA3C	NRP1	g2	1
SEMA3C	NRP2	g1	1
SEMA3C	NRP2	g2	1
SEMA3C	PLXND1	g1	0
SEMA3C	PLXND1	g2	1
SEMA3D	NRP1	g1	0
SEMA3D	NRP1	g2	0
SEMA3E	PLXND1	g1	1
SEMA3E	PLXND1	g2	1
SEMA3F	NRP1	g1	0
SEMA3F	NRP1	g2	1
SEMA3F	NRP2	g1	0
SEMA3F	NRP2	g2	1
SEMA3F	PLXNA3	g1	0
SEMA3F	PLXNA3	g2	0
SEMA3G	NRP2	g1	0
SEMA3G	NRP2	g2	0
SEMA4A	PLXND1	g1	1
SEMA4A	PLXND1	g2	1
SEMA4C	PLXNB2	g1	0
SEMA4C	PLXNB2	g2	0.5
SEMA4D	CD72	g1	0
SEMA4D	CD72	g2	0
SEMA4D	ERBB2	g1	0
SEMA4D	ERBB2	g2	0
SEMA4D	MET	g1	0
SEMA4D	MET	g2	0.5
SEMA4D	PLXNB1	g1	1
SEMA4D	PLXNB1	g2	0
SEMA4D	PLXNB2	g1	0
SEMA4D	PLXNB2	g2	0.5
SEMA4F	NRP2	g1	0
SEMA4F	NRP2	g2	0
SEMA4G	PLXNB2	g1	0
SEMA4G	PLXNB2	g2	0
SEMA5A	MET	g1	1
SEMA5A	MET	g2	1
SEMA5A	PLXNB3	g1	2
SEMA5A	PLXNB3	g2	0
SEMA6A	PLXNA2	g1	0
SEMA6A	PLXNA2	g2	0.5
SEMA6D	KDR	g1	1
SEMA6D	KDR	g2	0
SEMA6D	PLXNA1	g1	0
SEMA6D	PLXNA1	g2	0
SEMA6D	TREM2	g1	0
SEMA6D	TREM2	g2	0
SEMA6D	TYROBP	g1	0
SEMA6D	TYROBP	g2	0
SEMA7A	ITGB1	g1	0
SEMA7A	ITGB1	g2	0
SEMA7A	PLXNC1	g1	1
SEMA7A	PLXNC1	g2	2
SERPINA1	LRP1	g1	0
SERPINA1	LRP1	g2	2
SERPINA7	SLC16A2	g1	1
SERPINA7	SLC16A2	g2	0
SERPINC1	LRP1	g1	0
SERPINC1	LRP1	g2	0.5
SERPINC1	SDC2	g1	0
SERPINC1	SDC2	g2	0.5
SERPINE1	LRP1	g1	0
SERPINE1	LRP1	g2	2
SERPINE1	LRP2	g1	0
SERPINE1	LRP2	g2	0
SERPINE2	LRP1	g1	0
SERPINE2	LRP1	g2	0
SERPING1	LRP1	g1	0
SERPING1	LRP1	g2	2
SERPING1	SELE	g1	0
SERPING1	SELE	g2	0
SERPING1	SELP	g1	0
SERPING1	SELP	g2	0
SFRP1	FZD2	g1	0
SFRP1	FZD2	g2	0
SFRP1	FZD6	g1	1
SFRP1	FZD6	g2	0
SHANK1	ABCA1	g1	1
SHANK1	ABCA1	g2	2
SHANK1	BAI2	g1	0
SHANK1	BAI2	g2	1
SHANK1	LPHN1	g1	0
SHANK1	LPHN1	g2	1
SHANK1	LPHN2	g1	0
SHANK1	LPHN2	g2	0.5
SHANK1	SSTR2	g1	0
SHANK1	SSTR2	g2	1
SHBG	CD177	g1	0
SHBG	CD177	g2	2
SHBG	CLDN4	g1	1
SHBG	CLDN4	g2	1
SHBG	SLC37A1	g1	0
SHBG	SLC37A1	g2	1
SHH	CDON	g1	0
SHH	CDON	g2	0
SHH	GPC5	g1	0.5
SHH	GPC5	g2	0
SHH	LRP2	g1	1
SHH	LRP2	g2	0
SHH	PTCH1	g1	1
SHH	PTCH1	g2	0
SHH	PTCH2	g1	1
SHH	PTCH2	g2	1
SHH	SMO	g1	1
SHH	SMO	g2	1
SLC37A1	Eosinophils	g1	1
SLC37A1	Eosinophils	g2	1
SLC37A1	NK_cells	g1	0
SLC37A1	NK_cells	g2	2
SLIT1	GPC1	g1	1
SLIT1	GPC1	g2	0
SLIT1	ROBO1	g1	0.5
SLIT1	ROBO1	g2	0
SLIT1	SDC1	g1	2
SLIT1	SDC1	g2	0
SLIT2	GPC1	g1	1
SLIT2	GPC1	g2	0
SLIT2	ROBO1	g1	0.5
SLIT2	ROBO1	g2	0
SLIT2	ROBO4	g1	1
SLIT2	ROBO4	g2	0
SLIT2	SDC1	g1	2
SLIT2	SDC1	g2	0
SORBS1	INSR	g1	0
SORBS1	INSR	g2	1
SORL1	Eosinophils	g1	0
SORL1	Eosinophils	g2	0
SORL1	NK_cells	g1	0
SORL1	NK_cells	g2	0.5
SORT1	Eosinophils	g1	0
SORT1	Eosinophils	g2	0
SORT1	Macrophage	g1	0
SORT1	Macrophage	g2	0
SORT1	Mast_cells	g1	0
SORT1	Mast_cells	g2	0.5
SPINK1	EGFR	g1	0
SPINK1	EGFR	g2	1
SPINT1	ST14	g1	1
SPINT1	ST14	g2	2
SPP1	CD44	g1	0
SPP1	CD44	g2	2
SPP1	ITGA4	g1	0
SPP1	ITGA4	g2	0
SPP1	ITGA5	g1	0
SPP1	ITGA5	g2	0.5
SPP1	ITGA9	g1	0
SPP1	ITGA9	g2	1
SPP1	ITGAV	g1	1
SPP1	ITGAV	g2	2
SPP1	ITGB1	g1	0
SPP1	ITGB1	g2	0
SPP1	S1PR1	g1	1
SPP1	S1PR1	g2	0
SST	SSTR1	g1	0
SST	SSTR1	g2	0
SST	SSTR2	g1	0
SST	SSTR2	g2	0
SST	SSTR3	g1	0
SST	SSTR3	g2	0
SST	SSTR4	g1	1
SST	SSTR4	g2	1
SST	SSTR5	g1	0
SST	SSTR5	g2	1
ST14	Macrophage	g1	0
ST14	Macrophage	g2	0.5
ST14	Mast_cells	g1	0
ST14	Mast_cells	g2	1
TAC1	TACR1	g1	0
TAC1	TACR1	g2	0
TAC1	TACR2	g1	0
TAC1	TACR2	g2	2
TAC1	TACR3	g1	1
TAC1	TACR3	g2	2
TAC3	TACR1	g1	1
TAC3	TACR1	g2	0
TAC3	TACR2	g1	1
TAC3	TACR2	g2	1
TAC3	TACR3	g1	1
TAC3	TACR3	g2	1
TF	TFR2	g1	0
TF	TFR2	g2	1
TF	TFRC	g1	1
TF	TFRC	g2	1
TFPI	LRP1	g1	1
TFPI	LRP1	g2	1
TFPI	VLDLR	g1	0
TFPI	VLDLR	g2	2
TFRC	Eosinophils	g1	0
TFRC	Eosinophils	g2	1
TFRC	Macrophage	g1	0
TFRC	Macrophage	g2	0.5
TFRC	Mast_cells	g1	0
TFRC	Mast_cells	g2	1
TFRC	NK_cells	g1	1
TFRC	NK_cells	g2	2
TG	ASGR1	g1	0
TG	ASGR1	g2	0.5
TG	LRP2	g1	0
TG	LRP2	g2	0.5
TGFA	EGFR	g1	0
TGFA	EGFR	g2	2
TGFA	ERBB2	g1	0
TGFA	ERBB2	g2	0
TGFA	ERBB4	g1	0
TGFA	ERBB4	g2	0.5
TGFB1	ACVRL1	g1	0
TGFB1	ACVRL1	g2	0
TGFB1	ENG	g1	1
TGFB1	ENG	g2	2
TGFB1	ITGAV	g1	0
TGFB1	ITGAV	g2	2
TGFB1	ITGB6	g1	0
TGFB1	ITGB6	g2	0
TGFB1	ITGB8	g1	0
TGFB1	ITGB8	g2	1
TGFB1	SDC2	g1	0
TGFB1	SDC2	g2	2
TGFB1	TGFBR1	g1	0
TGFB1	TGFBR1	g2	0
TGFB1	TGFBR2	g1	0
TGFB1	TGFBR2	g2	1
TGFB1	TGFBR3	g1	0
TGFB1	TGFBR3	g2	0.5
TGFB2	ENG	g1	0
TGFB2	ENG	g2	0
TGFB2	TGFBR1	g1	1
TGFB2	TGFBR1	g2	2
TGFB2	TGFBR2	g1	0
TGFB2	TGFBR2	g2	0.5
TGFB2	TGFBR3	g1	1
TGFB2	TGFBR3	g2	1
TGFB3	ACVRL1	g1	1
TGFB3	ACVRL1	g2	0
TGFB3	ENG	g1	0
TGFB3	ENG	g2	0
TGFB3	TGFBR1	g1	1
TGFB3	TGFBR1	g2	2
TGFB3	TGFBR2	g1	0
TGFB3	TGFBR2	g2	0.5
TGFB3	TGFBR3	g1	1
TGFB3	TGFBR3	g2	1
TGFBR1	Eosinophils	g1	0
TGFBR1	Eosinophils	g2	0
TGFBR1	Macrophage	g1	1
TGFBR1	Macrophage	g2	1
TGFBR1	Mast_cells	g1	1
TGFBR1	Mast_cells	g2	0
TGFBR1	NK_cells	g1	0
TGFBR1	NK_cells	g2	0
TGFBR2	Eosinophils	g1	0
TGFBR2	Eosinophils	g2	0
TGFBR2	Macrophage	g1	0
TGFBR2	Macrophage	g2	0
TGFBR2	Mast_cells	g1	0
TGFBR2	Mast_cells	g2	0.5
TGFBR2	NK_cells	g1	1
TGFBR2	NK_cells	g2	1
TGFBR3	NK_cells	g1	0
TGFBR3	NK_cells	g2	0.5
TGM2	GPR56	g1	0
TGM2	GPR56	g2	0.5
TGM2	ITGB1	g1	0
TGM2	ITGB1	g2	0
TGM2	ITGB3	g1	0
TGM2	ITGB3	g2	0.5
TGM2	SDC4	g1	0
TGM2	SDC4	g2	2
THBD	Eosinophils	g1	0
THBD	Eosinophils	g2	0
THBD	Macrophage	g1	0
THBD	Macrophage	g2	0
THBS1	CD36	g1	0
THBS1	CD36	g2	0.3333333333333333
THBS1	CD47	g1	0
THBS1	CD47	g2	1
THBS1	ITGA2B	g1	0
THBS1	ITGA2B	g2	2
THBS1	ITGA3	g1	0
THBS1	ITGA3	g2	0.5
THBS1	ITGA4	g1	0
THBS1	ITGA4	g2	1
THBS1	ITGA6	g1	0
THBS1	ITGA6	g2	1
THBS1	ITGB1	g1	0
THBS1	ITGB1	g2	0
THBS1	ITGB3	g1	0
THBS1	ITGB3	g2	2
THBS1	LRP1	g1	0
THBS1	LRP1	g2	0.5
THBS1	LRP5	g1	0
THBS1	LRP5	g2	0
THBS1	SDC1	g1	0
THBS1	SDC1	g2	1
THBS1	TNFRSF11B	g1	0
THBS1	TNFRSF11B	g2	0.5
THBS2	CD47	g1	0.5
THBS2	CD47	g2	0
THBS2	ITGA4	g1	0.5
THBS2	ITGA4	g2	0
THBS2	ITGA6	g1	0.5
THBS2	ITGA6	g2	0
THBS2	ITGB1	g1	0.5
THBS2	ITGB1	g2	0
THBS2	NOTCH3	g1	1
THBS2	NOTCH3	g2	0
THPO	MPL	g1	1
THPO	MPL	g2	2
TIE1	Mast_cells	g1	0
TIE1	Mast_cells	g2	0.5
TIMP1	CD63	g1	1
TIMP1	CD63	g2	1
TIMP2	ITGA3	g1	0
TIMP2	ITGA3	g2	1
TIMP2	ITGB1	g1	0
TIMP2	ITGB1	g2	0
TIMP3	AGTR2	g1	0
TIMP3	AGTR2	g2	0.5
TIMP3	KDR	g1	0
TIMP3	KDR	g2	0
TLR2	Eosinophils	g1	0
TLR2	Eosinophils	g2	0
TLR2	Macrophage	g1	0
TLR2	Macrophage	g2	0
TLR4	Eosinophils	g1	0
TLR4	Eosinophils	g2	0
TLR4	Macrophage	g1	0
TLR4	Macrophage	g2	0
TLR4	Mast_cells	g1	0
TLR4	Mast_cells	g2	0.5
TLR6	Eosinophils	g1	1
TLR6	Eosinophils	g2	0
TLR6	Macrophage	g1	0
TLR6	Macrophage	g2	0
TMEM222	Eosinophils	g1	0
TMEM222	Eosinophils	g2	0
TMEM222	Macrophage	g1	1
TMEM222	Macrophage	g2	0
TMEM222	Mast_cells	g1	1
TMEM222	Mast_cells	g2	0
TMEM222	NK_cells	g1	0
TMEM222	NK_cells	g2	0
TNC	CNTN1	g1	0
TNC	CNTN1	g2	0.5
TNC	EGFR	g1	1
TNC	EGFR	g2	2
TNC	ITGA5	g1	0
TNC	ITGA5	g2	1
TNC	ITGA7	g1	0
TNC	ITGA7	g2	0
TNC	ITGB1	g1	0
TNC	ITGB1	g2	0
TNC	PTPRB	g1	0
TNC	PTPRB	g2	2
TNF	TNFRSF1A	g1	0
TNF	TNFRSF1A	g2	2
TNF	TNFRSF1B	g1	0
TNF	TNFRSF1B	g2	3
TNF	TNFRSF21	g1	0
TNF	TNFRSF21	g2	0.5
TNF	TRAF2	g1	0
TNF	TRAF2	g2	2
TNFRSF10B	Eosinophils	g1	0
TNFRSF10B	Eosinophils	g2	0
TNFRSF10B	Macrophage	g1	0
TNFRSF10B	Macrophage	g2	0
TNFRSF10B	Mast_cells	g1	0
TNFRSF10B	Mast_cells	g2	0.5
TNFRSF10B	NK_cells	g1	0
TNFRSF10B	NK_cells	g2	0.5
TNFRSF10C	Eosinophils	g1	0
TNFRSF10C	Eosinophils	g2	0
TNFRSF10D	Macrophage	g1	0
TNFRSF10D	Macrophage	g2	0.5
TNFRSF10D	Mast_cells	g1	0
TNFRSF10D	Mast_cells	g2	1
TNFRSF12A	Eosinophils	g1	0
TNFRSF12A	Eosinophils	g2	0
TNFRSF12A	Macrophage	g1	0
TNFRSF12A	Macrophage	g2	0
TNFRSF12A	Mast_cells	g1	0
TNFRSF12A	Mast_cells	g2	0.5
TNFRSF14	CD160	g1	0
TNFRSF14	CD160	g2	0
TNFRSF14	Eosinophils	g1	1
TNFRSF14	Eosinophils	g2	0
TNFRSF14	Macrophage	g1	0
TNFRSF14	Macrophage	g2	0
TNFRSF14	Mast_cells	g1	0
TNFRSF14	Mast_cells	g2	2
TNFRSF14	NK_cells	g1	0
TNFRSF14	NK_cells	g2	1
TNFRSF1A	Eosinophils	g1	0
TNFRSF1A	Eosinophils	g2	1
TNFRSF1A	Macrophage	g1	0
TNFRSF1A	Macrophage	g2	0.5
TNFRSF1A	NK_cells	g1	1
TNFRSF1A	NK_cells	g2	2
TNFRSF1B	Eosinophils	g1	0
TNFRSF1B	Eosinophils	g2	1
TNFRSF1B	Macrophage	g1	0
TNFRSF1B	Macrophage	g2	0.5
TNFRSF1B	Mast_cells	g1	0
TNFRSF1B	Mast_cells	g2	2
TNFRSF1B	NK_cells	g1	0
TNFRSF1B	NK_cells	g2	2
TNFRSF21	Macrophage	g1	0
TNFRSF21	Macrophage	g2	0
TNFRSF21	Mast_cells	g1	0
TNFRSF21	Mast_cells	g2	0.5
TNFRSF25	Eosinophils	g1	0.5
TNFRSF25	Eosinophils	g2	0
TNFRSF25	NK_cells	g1	0
TNFRSF25	NK_cells	g2	0
TNFRSF4	NK_cells	g1	0
TNFRSF4	NK_cells	g2	1
TNFRSF8	Eosinophils	g1	0.5
TNFRSF8	Eosinophils	g2	0
TNFRSF9	Macrophage	g1	0
TNFRSF9	Macrophage	g2	1
TNFRSF9	Mast_cells	g1	0
TNFRSF9	Mast_cells	g2	0
TNFRSF9	NK_cells	g1	0
TNFRSF9	NK_cells	g2	1
TNFSF10	TNFRSF10B	g1	0
TNFSF10	TNFRSF10B	g2	0.3333333333333333
TNFSF10	TNFRSF10C	g1	0
TNFSF10	TNFRSF10C	g2	0.5
TNFSF10	TNFRSF10D	g1	0
TNFSF10	TNFRSF10D	g2	2
TNFSF10	TNFRSF11B	g1	0
TNFSF10	TNFRSF11B	g2	2
TNFSF11	TNFRSF11A	g1	0
TNFSF11	TNFRSF11A	g2	2
TNFSF11	TNFRSF11B	g1	0
TNFSF11	TNFRSF11B	g2	2
TNFSF12	TNFRSF12A	g1	1
TNFSF12	TNFRSF12A	g2	1
TNFSF12	TNFRSF25	g1	0
TNFSF12	TNFRSF25	g2	0
TNFSF14	LTBR	g1	0
TNFSF14	LTBR	g2	2
TNFSF14	TNFRSF14	g1	0
TNFSF14	TNFRSF14	g2	1
TNFSF14	TNFRSF6B	g1	1
TNFSF14	TNFRSF6B	g2	1
TNFSF15	TNFRSF25	g1	1
TNFSF15	TNFRSF25	g2	0
TNFSF15	TNFRSF6B	g1	1
TNFSF15	TNFRSF6B	g2	1
TNFSF4	TNFRSF4	g1	0
TNFSF4	TNFRSF4	g2	0
TNFSF4	TRAF2	g1	0
TNFSF4	TRAF2	g2	0
TNFSF8	TNFRSF8	g1	2
TNFSF8	TNFRSF8	g2	0
TNFSF9	TNFRSF9	g1	0
TNFSF9	TNFRSF9	g2	0
TNFSF9	TRAF2	g1	0
TNFSF9	TRAF2	g2	0.5
TRAF2	Mast_cells	g1	0
TRAF2	Mast_cells	g2	1
TREM2	Macrophage	g1	0
TREM2	Macrophage	g2	0.5
TRH	TRHR	g1	2
TRH	TRHR	g2	0
TSHB	TSHR	g1	1
TSHB	TSHR	g2	0
TYROBP	Eosinophils	g1	0
TYROBP	Eosinophils	g2	1
TYROBP	Macrophage	g1	0
TYROBP	Macrophage	g2	0.5
TYROBP	Mast_cells	g1	0
TYROBP	Mast_cells	g2	1
TYROBP	NK_cells	g1	1
TYROBP	NK_cells	g2	2
UCN	CRHR1	g1	0
UCN	CRHR1	g2	0
UCN	CRHR2	g1	0
UCN	CRHR2	g2	0.5
ULBP2	KLRK1	g1	0
ULBP2	KLRK1	g2	1
VASP	CXCR2	g1	1
VASP	CXCR2	g2	1
VCAM1	ITGA4	g1	1
VCAM1	ITGA4	g2	0
VCAM1	ITGB1	g1	1
VCAM1	ITGB1	g2	0
VCAM1	ITGB2	g1	0
VCAM1	ITGB2	g2	2
VCAM1	ITGB7	g1	1
VCAM1	ITGB7	g2	1
VCAN	CD44	g1	1
VCAN	CD44	g2	1
VCAN	EGFR	g1	0
VCAN	EGFR	g2	0
VCAN	ITGA4	g1	0.5
VCAN	ITGA4	g2	0
VCAN	ITGB1	g1	0.5
VCAN	ITGB1	g2	0
VCAN	SELP	g1	0
VCAN	SELP	g2	0
VCAN	TLR2	g1	0
VCAN	TLR2	g2	0
VEGFA	EPHB2	g1	0
VEGFA	EPHB2	g2	0.3333333333333333
VEGFA	GPC1	g1	0
VEGFA	GPC1	g2	0
VEGFA	KDR	g1	0
VEGFA	KDR	g2	0
VEGFA	NRP1	g1	0
VEGFA	NRP1	g2	0.5
VEGFA	NRP2	g1	0
VEGFA	NRP2	g2	0.5
VEGFB	NRP1	g1	0
VEGFB	NRP1	g2	0
VEGFC	FLT4	g1	0
VEGFC	FLT4	g2	0.5
VEGFC	KDR	g1	1
VEGFC	KDR	g2	0
VEGFC	NRP2	g1	0
VEGFC	NRP2	g2	0
VEGFC	VIPR2	g1	0
VEGFC	VIPR2	g2	2
VIM	CD44	g1	0
VIM	CD44	g2	2
VIP	ADCYAP1R1	g1	0
VIP	ADCYAP1R1	g2	0
VIP	SCTR	g1	0
VIP	SCTR	g2	0.5
VIP	VIPR1	g1	0
VIP	VIPR1	g2	0
VIP	VIPR2	g1	0
VIP	VIPR2	g2	0.5
VTN	ITGA5	g1	1
VTN	ITGA5	g2	2
VTN	ITGA8	g1	1
VTN	ITGA8	g2	0
VTN	ITGAV	g1	0
VTN	ITGAV	g2	0.5
VTN	ITGB3	g1	0
VTN	ITGB3	g2	1
VTN	ITGB6	g1	1
VTN	ITGB6	g2	0
VTN	ITGB8	g1	0
VTN	ITGB8	g2	1
VTN	PLAUR	g1	0
VTN	PLAUR	g2	1
VTN	PVR	g1	0
VTN	PVR	g2	0.5
VTN	TNFRSF11B	g1	0
VTN	TNFRSF11B	g2	0.5
VWF	GP1BA	g1	0
VWF	GP1BA	g2	2
VWF	ITGA2B	g1	0
VWF	ITGA2B	g2	2
VWF	TNFRSF11B	g1	0
VWF	TNFRSF11B	g2	1
WNT1	FZD3	g1	0
WNT1	FZD3	g2	1
WNT1	FZD8	g1	0
WNT1	FZD8	g2	2
WNT1	FZD9	g1	0
WNT1	FZD9	g2	0.5
WNT1	LRP5	g1	0
WNT1	LRP5	g2	0
WNT1	LRP6	g1	0
WNT1	LRP6	g2	0
WNT1	RYK	g1	0
WNT1	RYK	g2	0.5
WNT11	FZD7	g1	0
WNT11	FZD7	g2	1
WNT2	FZD1	g1	0
WNT2	FZD1	g2	0.5
WNT2	FZD5	g1	1
WNT2	FZD5	g2	1
WNT2	FZD7	g1	1
WNT2	FZD7	g2	2
WNT2	FZD8	g1	1
WNT2	FZD8	g2	2
WNT2	FZD9	g1	1
WNT2	FZD9	g2	1
WNT3	FZD1	g1	0
WNT3	FZD1	g2	2
WNT3	FZD7	g1	0
WNT3	FZD7	g2	1
WNT3	FZD8	g1	0
WNT3	FZD8	g2	1
WNT3	LRP6	g1	0
WNT3	LRP6	g2	0
WNT3	RYK	g1	0
WNT3	RYK	g2	0
WNT4	FZD2	g1	0
WNT4	FZD2	g2	0
WNT4	FZD6	g1	2
WNT4	FZD6	g2	1
WNT5A	FZD1	g1	0
WNT5A	FZD1	g2	0.3333333333333333
WNT5A	FZD2	g1	0
WNT5A	FZD2	g2	0.3333333333333333
WNT5A	FZD4	g1	0
WNT5A	FZD4	g2	1
WNT5A	FZD5	g1	0
WNT5A	FZD5	g2	0.5
WNT5A	FZD6	g1	0
WNT5A	FZD6	g2	1
WNT5A	FZD7	g1	0
WNT5A	FZD7	g2	2
WNT5A	FZD8	g1	0
WNT5A	FZD8	g2	2
WNT5A	LRP5	g1	0
WNT5A	LRP5	g2	0
WNT5A	MCAM	g1	0
WNT5A	MCAM	g2	0
WNT5A	ROR1	g1	0
WNT5A	ROR1	g2	0
WNT5A	ROR2	g1	0
WNT5A	ROR2	g2	0.5
WNT5A	RYK	g1	0
WNT5A	RYK	g2	0.5
WNT7A	FZD10	g1	1
WNT7A	FZD10	g2	0
WNT7A	FZD5	g1	0
WNT7A	FZD5	g2	0
WNT7A	FZD9	g1	0
WNT7A	FZD9	g2	0
WNT7B	FZD1	g1	0
WNT7B	FZD1	g2	0.5
WNT7B	FZD10	g1	0
WNT7B	FZD10	g2	0.5
WNT7B	LRP5	g1	0
WNT7B	LRP5	g2	0
XCL1	XCR1	g1	0
XCL1	XCR1	g2	0
YARS	CXCR1	g1	0
YARS	CXCR1	g2	0
